2026-06-14T02:50:18.721448244Z [inf]  	at java.base/java.net.Inet6AddressImpl.lookupAllHostAddr(Native Method) ~[na:na]
2026-06-14T02:50:18.721452361Z [inf]  	at java.base/java.net.Inet6AddressImpl.lookupAllHostAddr(Inet6AddressImpl.java:52) ~[na:na]
2026-06-14T02:50:18.721456507Z [inf]  	at java.base/java.net.InetAddress$PlatformResolver.lookupByName(InetAddress.java:1211) ~[na:na]
2026-06-14T02:50:18.721459411Z [inf]  	at java.base/java.net.InetAddress.getAddressesFromNameService(InetAddress.java:1828) ~[na:na]
2026-06-14T02:50:18.721463779Z [inf]  	at java.base/java.net.InetAddress$NameServiceAddresses.get(InetAddress.java:1139) ~[na:na]
2026-06-14T02:50:18.721467489Z [inf]  	at java.base/java.net.InetAddress.getAllByName0(InetAddress.java:1818) ~[na:na]
2026-06-14T02:50:18.721471014Z [inf]  	at java.base/java.net.InetAddress.getAllByName(InetAddress.java:1688) ~[na:na]
2026-06-14T02:50:18.722961379Z [inf]  	at com.mysql.cj.protocol.StandardSocketFactory.connect(StandardSocketFactory.java:121) ~[mysql-connector-j-9.6.0.jar!/:9.6.0]
2026-06-14T02:50:18.722965016Z [inf]  	at com.mysql.cj.protocol.a.NativeSocketConnection.connect(NativeSocketConnection.java:53) ~[mysql-connector-j-9.6.0.jar!/:9.6.0]
2026-06-14T02:50:18.722968171Z [inf]  	... 129 common frames omitted
2026-06-14T02:50:18.722971774Z [inf]  
2026-06-14T02:50:18.722974650Z [inf]  2026-06-14T02:50:18.707Z  WARN 1 --- [datn-backend] [           main] org.hibernate.orm.deprecation            : HHH90000025: MySQLDialect does not need to be specified explicitly using 'hibernate.dialect' (remove the property setting and it will be selected by default)
2026-06-14T02:50:20.928767549Z [inf]  2026-06-14T02:50:20.923Z  WARN 1 --- [datn-backend] [           main] org.hibernate.orm.jdbc.error             : HHH000247: ErrorCode: 0, SQLState: 08S01
2026-06-14T02:50:20.928770702Z [inf]  2026-06-14T02:50:20.923Z  WARN 1 --- [datn-backend] [           main] org.hibernate.orm.jdbc.error             : Communications link failure
2026-06-14T02:50:20.928774137Z [inf]  
2026-06-14T02:50:20.928777261Z [inf]  The last packet sent successfully to the server was 0 milliseconds ago. The driver has not received any packets from the server.
2026-06-14T02:50:20.928780700Z [inf]  2026-06-14T02:50:20.926Z ERROR 1 --- [datn-backend] [           main] j.LocalContainerEntityManagerFactoryBean : Failed to initialize JPA EntityManagerFactory: Unable to build Hibernate SessionFactory  [persistence unit: default] ; nested exception is org.hibernate.exception.JDBCConnectionException: Unable to open JDBC Connection for DDL execution [Communications link failure
2026-06-14T02:50:20.928787553Z [inf]  
2026-06-14T02:50:20.928790984Z [inf]  The last packet sent successfully to the server was 0 milliseconds ago. The driver has not received any packets from the server.] [n/a]
2026-06-14T02:50:20.928794304Z [inf]  2026-06-14T02:50:20.927Z ERROR 1 --- [datn-backend] [           main] t.s.DeferredServletContainerInitializers : Error starting Tomcat context. Exception: org.springframework.beans.factory.UnsatisfiedDependencyException. Message: Error creating bean with name 'jwtAuthFilter' defined in URL [jar:nested:/app/target/datn-backend-0.0.1-SNAPSHOT.jar/!BOOT-INF/classes/!/com/example/demo/security/JwtAuthFilter.class]: Unsatisfied dependency expressed through constructor parameter 1: Error creating bean with name 'userRepository' defined in com.example.demo.repository.UserRepository defined in @EnableJpaRepositories declared on DataJpaRepositoriesRegistrar.EnableJpaRepositoriesConfiguration: Cannot resolve reference to bean 'jpaSharedEM_entityManagerFactory' while setting bean property 'entityManager'
2026-06-14T02:50:20.945471703Z [inf]  2026-06-14T02:50:20.944Z  WARN 1 --- [datn-backend] [           main] ConfigServletWebServerApplicationContext : Exception encountered during context initialization - cancelling refresh attempt: org.springframework.context.ApplicationContextException: Unable to start web server
2026-06-14T02:50:20.960668167Z [inf]  	at org.springframework.boot.web.server.servlet.context.ServletWebServerApplicationContext.onRefresh(ServletWebServerApplicationContext.java:167) ~[spring-boot-web-server-4.0.3.jar!/:4.0.3]
2026-06-14T02:50:20.960674458Z [inf]  	at org.springframework.context.support.AbstractApplicationContext.refresh(AbstractApplicationContext.java:615) ~[spring-context-7.0.5.jar!/:7.0.5]
2026-06-14T02:50:20.960682076Z [inf]  	at org.springframework.boot.web.server.servlet.context.ServletWebServerApplicationContext.refresh(ServletWebServerApplicationContext.java:143) ~[spring-boot-web-server-4.0.3.jar!/:4.0.3]
2026-06-14T02:50:20.960685557Z [inf]  	at org.springframework.boot.SpringApplication.refresh(SpringApplication.java:756) ~[spring-boot-4.0.3.jar!/:4.0.3]
2026-06-14T02:50:20.960688596Z [inf]  	at org.springframework.boot.SpringApplication.refreshContext(SpringApplication.java:445) ~[spring-boot-4.0.3.jar!/:4.0.3]
2026-06-14T02:50:20.960691793Z [inf]  	at org.springframework.boot.SpringApplication.run(SpringApplication.java:321) ~[spring-boot-4.0.3.jar!/:4.0.3]
2026-06-14T02:50:20.960694913Z [inf]  	at org.springframework.boot.SpringApplication.run(SpringApplication.java:1365) ~[spring-boot-4.0.3.jar!/:4.0.3]
2026-06-14T02:50:20.960698579Z [inf]  	at org.springframework.boot.SpringApplication.run(SpringApplication.java:1354) ~[spring-boot-4.0.3.jar!/:4.0.3]
2026-06-14T02:50:20.960701822Z [inf]  	at com.example.demo.DatnBackendApplication.main(DatnBackendApplication.java:13) ~[!/:0.0.1-SNAPSHOT]
2026-06-14T02:50:20.960704840Z [inf]  	at java.base/jdk.internal.reflect.DirectMethodHandleAccessor.invoke(DirectMethodHandleAccessor.java:103) ~[na:na]
2026-06-14T02:50:20.960733340Z [inf]  2026-06-14T02:50:20.957Z ERROR 1 --- [datn-backend] [           main] o.s.boot.SpringApplication               : Application run failed
2026-06-14T02:50:20.960736435Z [inf]  
2026-06-14T02:50:20.960739265Z [inf]  org.springframework.context.ApplicationContextException: Unable to start web server
2026-06-14T02:50:20.962599415Z [inf]  	at java.base/java.lang.reflect.Method.invoke(Method.java:580) ~[na:na]
2026-06-14T02:50:20.962602995Z [inf]  	at org.springframework.boot.loader.launch.Launcher.launch(Launcher.java:106) ~[datn-backend-0.0.1-SNAPSHOT.jar:0.0.1-SNAPSHOT]
2026-06-14T02:50:20.962608050Z [inf]  	at org.springframework.boot.loader.launch.Launcher.launch(Launcher.java:64) ~[datn-backend-0.0.1-SNAPSHOT.jar:0.0.1-SNAPSHOT]
2026-06-14T02:50:20.962612162Z [inf]  	at org.springframework.boot.loader.launch.JarLauncher.main(JarLauncher.java:40) ~[datn-backend-0.0.1-SNAPSHOT.jar:0.0.1-SNAPSHOT]
2026-06-14T02:50:20.962616242Z [inf]  Caused by: org.springframework.boot.web.server.WebServerException: Unable to start embedded Tomcat
2026-06-14T02:50:20.962619493Z [inf]  	at org.springframework.boot.tomcat.TomcatWebServer.initialize(TomcatWebServer.java:150) ~[spring-boot-tomcat-4.0.3.jar!/:4.0.3]
2026-06-14T02:50:20.962622781Z [inf]  	at org.springframework.boot.tomcat.TomcatWebServer.<init>(TomcatWebServer.java:110) ~[spring-boot-tomcat-4.0.3.jar!/:4.0.3]
2026-06-14T02:50:20.962626174Z [inf]  	at org.springframework.boot.tomcat.servlet.TomcatServletWebServerFactory.getTomcatWebServer(TomcatServletWebServerFactory.java:408) ~[spring-boot-tomcat-4.0.3.jar!/:4.0.3]
2026-06-14T02:50:20.962629822Z [inf]  	at org.springframework.boot.tomcat.servlet.TomcatServletWebServerFactory.getWebServer(TomcatServletWebServerFactory.java:166) ~[spring-boot-tomcat-4.0.3.jar!/:4.0.3]
2026-06-14T02:50:20.962633878Z [inf]  	at org.springframework.boot.web.server.servlet.context.ServletWebServerApplicationContext.createWebServer(ServletWebServerApplicationContext.java:190) ~[spring-boot-web-server-4.0.3.jar!/:4.0.3]
2026-06-14T02:50:20.962637024Z [inf]  	at org.springframework.boot.web.server.servlet.context.ServletWebServerApplicationContext.onRefresh(ServletWebServerApplicationContext.java:164) ~[spring-boot-web-server-4.0.3.jar!/:4.0.3]
2026-06-14T02:50:20.962640160Z [inf]  	... 13 common frames omitted
2026-06-14T02:50:21.218703820Z [inf]  	at org.springframework.beans.factory.support.AbstractBeanFactory.lambda$doGetBean$0(AbstractBeanFactory.java:333) ~[spring-beans-7.0.5.jar!/:7.0.5]
2026-06-14T02:50:21.218722374Z [inf]  Caused by: org.springframework.beans.factory.UnsatisfiedDependencyException: Error creating bean with name 'jwtAuthFilter' defined in URL [jar:nested:/app/target/datn-backend-0.0.1-SNAPSHOT.jar/!BOOT-INF/classes/!/com/example/demo/security/JwtAuthFilter.class]: Unsatisfied dependency expressed through constructor parameter 1: Error creating bean with name 'userRepository' defined in com.example.demo.repository.UserRepository defined in @EnableJpaRepositories declared on DataJpaRepositoriesRegistrar.EnableJpaRepositoriesConfiguration: Cannot resolve reference to bean 'jpaSharedEM_entityManagerFactory' while setting bean property 'entityManager'
2026-06-14T02:50:21.218727841Z [inf]  	at org.springframework.beans.factory.support.AbstractAutowireCapableBeanFactory.doCreateBean(AbstractAutowireCapableBeanFactory.java:565) ~[spring-beans-7.0.5.jar!/:7.0.5]
2026-06-14T02:50:21.218731832Z [inf]  	at org.springframework.beans.factory.support.AbstractAutowireCapableBeanFactory.createBean(AbstractAutowireCapableBeanFactory.java:525) ~[spring-beans-7.0.5.jar!/:7.0.5]
2026-06-14T02:50:21.218737815Z [inf]  	at org.springframework.beans.factory.support.AbstractAutowireCapableBeanFactory.autowireConstructor(AbstractAutowireCapableBeanFactory.java:1382) ~[spring-beans-7.0.5.jar!/:7.0.5]
2026-06-14T02:50:21.218745522Z [inf]  	at org.springframework.beans.factory.support.AbstractAutowireCapableBeanFactory.createBeanInstance(AbstractAutowireCapableBeanFactory.java:1221) ~[spring-beans-7.0.5.jar!/:7.0.5]
2026-06-14T02:50:21.218746081Z [inf]  	at org.springframework.beans.factory.support.ConstructorResolver.createArgumentArray(ConstructorResolver.java:804) ~[spring-beans-7.0.5.jar!/:7.0.5]
2026-06-14T02:50:21.218752227Z [inf]  	at org.springframework.beans.factory.support.ConstructorResolver.autowireConstructor(ConstructorResolver.java:240) ~[spring-beans-7.0.5.jar!/:7.0.5]
2026-06-14T02:50:21.220059037Z [inf]  	at org.springframework.boot.web.servlet.ServletContextInitializerBeans.<init>(ServletContextInitializerBeans.java:97) ~[spring-boot-4.0.3.jar!/:4.0.3]
2026-06-14T02:50:21.220065085Z [inf]  	at org.springframework.boot.web.context.servlet.WebApplicationContextInitializer.initialize(WebApplicationContextInitializer.java:53) ~[spring-boot-4.0.3.jar!/:4.0.3]
2026-06-14T02:50:21.220069186Z [inf]  	at org.springframework.boot.tomcat.servlet.DeferredServletContainerInitializers.onStartup(DeferredServletContainerInitializers.java:55) ~[spring-boot-tomcat-4.0.3.jar!/:4.0.3]
2026-06-14T02:50:21.220072971Z [inf]  	at org.apache.catalina.core.StandardContext.startInternal(StandardContext.java:4416) ~[tomcat-embed-core-11.0.18.jar!/:na]
2026-06-14T02:50:21.220109207Z [inf]  	at org.springframework.beans.factory.support.DefaultSingletonBeanRegistry.getSingleton(DefaultSingletonBeanRegistry.java:371) ~[spring-beans-7.0.5.jar!/:7.0.5]
2026-06-14T02:50:21.220112604Z [inf]  	at org.springframework.beans.factory.support.AbstractBeanFactory.doGetBean(AbstractBeanFactory.java:331) ~[spring-beans-7.0.5.jar!/:7.0.5]
2026-06-14T02:50:21.220116509Z [inf]  	at org.springframework.beans.factory.support.AbstractBeanFactory.getBean(AbstractBeanFactory.java:201) ~[spring-beans-7.0.5.jar!/:7.0.5]
2026-06-14T02:50:21.220120206Z [inf]  	at org.springframework.boot.web.servlet.ServletContextInitializerBeans.getOrderedBeansOfType(ServletContextInitializerBeans.java:231) ~[spring-boot-4.0.3.jar!/:4.0.3]
2026-06-14T02:50:21.220123664Z [inf]  	at org.springframework.boot.web.servlet.ServletContextInitializerBeans.addAsRegistrationBean(ServletContextInitializerBeans.java:185) ~[spring-boot-4.0.3.jar!/:4.0.3]
2026-06-14T02:50:21.220127063Z [inf]  	at org.springframework.boot.web.servlet.ServletContextInitializerBeans.addAsRegistrationBean(ServletContextInitializerBeans.java:180) ~[spring-boot-4.0.3.jar!/:4.0.3]
2026-06-14T02:50:21.220130179Z [inf]  	at org.springframework.boot.web.servlet.ServletContextInitializerBeans.addAdaptableBeans(ServletContextInitializerBeans.java:165) ~[spring-boot-4.0.3.jar!/:4.0.3]
2026-06-14T02:50:21.221352126Z [inf]  	at org.apache.catalina.util.LifecycleBase.start(LifecycleBase.java:164) ~[tomcat-embed-core-11.0.18.jar!/:na]
2026-06-14T02:50:21.221357867Z [inf]  	at org.apache.catalina.core.ContainerBase$StartChild.call(ContainerBase.java:1162) ~[tomcat-embed-core-11.0.18.jar!/:na]
2026-06-14T02:50:21.221358871Z [inf]  	at org.apache.catalina.core.ContainerBase$StartChild.call(ContainerBase.java:1162) ~[tomcat-embed-core-11.0.18.jar!/:na]
2026-06-14T02:50:21.221362796Z [inf]  	at org.apache.catalina.core.ContainerBase$StartChild.call(ContainerBase.java:1158) ~[tomcat-embed-core-11.0.18.jar!/:na]
2026-06-14T02:50:21.221367273Z [inf]  	at org.apache.catalina.core.ContainerBase$StartChild.call(ContainerBase.java:1158) ~[tomcat-embed-core-11.0.18.jar!/:na]
2026-06-14T02:50:21.221368148Z [inf]  	at java.base/java.util.concurrent.FutureTask.run(FutureTask.java:317) ~[na:na]
2026-06-14T02:50:21.221374821Z [inf]  	at java.base/java.util.concurrent.FutureTask.run(FutureTask.java:317) ~[na:na]
2026-06-14T02:50:21.221375584Z [inf]  	at org.apache.tomcat.util.threads.InlineExecutorService.execute(InlineExecutorService.java:81) ~[tomcat-embed-core-11.0.18.jar!/:na]
2026-06-14T02:50:21.221380707Z [inf]  	at org.apache.tomcat.util.threads.InlineExecutorService.execute(InlineExecutorService.java:81) ~[tomcat-embed-core-11.0.18.jar!/:na]
2026-06-14T02:50:21.221382407Z [inf]  	at java.base/java.util.concurrent.AbstractExecutorService.submit(AbstractExecutorService.java:145) ~[na:na]
2026-06-14T02:50:21.221386208Z [inf]  	at org.apache.catalina.core.ContainerBase.startInternal(ContainerBase.java:714) ~[tomcat-embed-core-11.0.18.jar!/:na]
2026-06-14T02:50:21.221391602Z [inf]  	at org.apache.catalina.core.StandardHost.startInternal(StandardHost.java:780) ~[tomcat-embed-core-11.0.18.jar!/:na]
2026-06-14T02:50:21.221394655Z [inf]  	at org.apache.catalina.util.LifecycleBase.start(LifecycleBase.java:164) ~[tomcat-embed-core-11.0.18.jar!/:na]
2026-06-14T02:50:21.222565508Z [inf]  	at org.apache.catalina.core.StandardServer.startInternal(StandardServer.java:864) ~[tomcat-embed-core-11.0.18.jar!/:na]
2026-06-14T02:50:21.222569459Z [inf]  	at org.apache.catalina.util.LifecycleBase.start(LifecycleBase.java:164) ~[tomcat-embed-core-11.0.18.jar!/:na]
2026-06-14T02:50:21.222574711Z [inf]  	at org.apache.catalina.startup.Tomcat.start(Tomcat.java:435) ~[tomcat-embed-core-11.0.18.jar!/:na]
2026-06-14T02:50:21.222578866Z [inf]  	at org.springframework.boot.tomcat.TomcatWebServer.initialize(TomcatWebServer.java:131) ~[spring-boot-tomcat-4.0.3.jar!/:4.0.3]
2026-06-14T02:50:21.222583488Z [inf]  	... 18 common frames omitted
2026-06-14T02:50:21.222586937Z [inf]  Caused by: org.springframework.beans.factory.BeanCreationException: Error creating bean with name 'userRepository' defined in com.example.demo.repository.UserRepository defined in @EnableJpaRepositories declared on DataJpaRepositoriesRegistrar.EnableJpaRepositoriesConfiguration: Cannot resolve reference to bean 'jpaSharedEM_entityManagerFactory' while setting bean property 'entityManager'
2026-06-14T02:50:21.222641853Z [inf]  	at java.base/java.util.concurrent.AbstractExecutorService.submit(AbstractExecutorService.java:145) ~[na:na]
2026-06-14T02:50:21.222644914Z [inf]  	at org.apache.catalina.core.ContainerBase.startInternal(ContainerBase.java:714) ~[tomcat-embed-core-11.0.18.jar!/:na]
2026-06-14T02:50:21.222647912Z [inf]  	at org.apache.catalina.core.StandardEngine.startInternal(StandardEngine.java:201) ~[tomcat-embed-core-11.0.18.jar!/:na]
2026-06-14T02:50:21.222650902Z [inf]  	at org.apache.catalina.util.LifecycleBase.start(LifecycleBase.java:164) ~[tomcat-embed-core-11.0.18.jar!/:na]
2026-06-14T02:50:21.222653973Z [inf]  	at org.apache.catalina.core.StandardService.startInternal(StandardService.java:410) ~[tomcat-embed-core-11.0.18.jar!/:na]
2026-06-14T02:50:21.222657111Z [inf]  	at org.apache.catalina.util.LifecycleBase.start(LifecycleBase.java:164) ~[tomcat-embed-core-11.0.18.jar!/:na]
2026-06-14T02:50:21.223541854Z [inf]  	at org.springframework.beans.factory.support.AbstractBeanFactory.getBean(AbstractBeanFactory.java:201) ~[spring-beans-7.0.5.jar!/:7.0.5]
2026-06-14T02:50:21.223547629Z [inf]  	at org.springframework.beans.factory.support.AbstractAutowireCapableBeanFactory.populateBean(AbstractAutowireCapableBeanFactory.java:1461) ~[spring-beans-7.0.5.jar!/:7.0.5]
2026-06-14T02:50:21.223551226Z [inf]  	at org.springframework.beans.factory.support.AbstractAutowireCapableBeanFactory.doCreateBean(AbstractAutowireCapableBeanFactory.java:602) ~[spring-beans-7.0.5.jar!/:7.0.5]
2026-06-14T02:50:21.223554313Z [inf]  	at org.springframework.beans.factory.support.AbstractAutowireCapableBeanFactory.createBean(AbstractAutowireCapableBeanFactory.java:525) ~[spring-beans-7.0.5.jar!/:7.0.5]
2026-06-14T02:50:21.223560224Z [inf]  	at org.springframework.beans.factory.support.BeanDefinitionValueResolver.resolveReference(BeanDefinitionValueResolver.java:377) ~[spring-beans-7.0.5.jar!/:7.0.5]
2026-06-14T02:50:21.223560403Z [inf]  	at org.springframework.beans.factory.support.AbstractBeanFactory.lambda$doGetBean$0(AbstractBeanFactory.java:333) ~[spring-beans-7.0.5.jar!/:7.0.5]
2026-06-14T02:50:21.223565979Z [inf]  	at org.springframework.beans.factory.support.DefaultSingletonBeanRegistry.getSingleton(DefaultSingletonBeanRegistry.java:371) ~[spring-beans-7.0.5.jar!/:7.0.5]
2026-06-14T02:50:21.223567276Z [inf]  	at org.springframework.beans.factory.support.BeanDefinitionValueResolver.resolveValueIfNecessary(BeanDefinitionValueResolver.java:135) ~[spring-beans-7.0.5.jar!/:7.0.5]
2026-06-14T02:50:21.223572935Z [inf]  	at org.springframework.beans.factory.support.AbstractBeanFactory.doGetBean(AbstractBeanFactory.java:331) ~[spring-beans-7.0.5.jar!/:7.0.5]
2026-06-14T02:50:21.223573550Z [inf]  	at org.springframework.beans.factory.support.AbstractAutowireCapableBeanFactory.applyPropertyValues(AbstractAutowireCapableBeanFactory.java:1712) ~[spring-beans-7.0.5.jar!/:7.0.5]
2026-06-14T02:50:21.224640960Z [inf]  Caused by: org.springframework.beans.factory.BeanCreationException: Error creating bean with name 'jpaSharedEM_entityManagerFactory': Cannot resolve reference to bean 'entityManagerFactory' while setting constructor argument
2026-06-14T02:50:21.224648122Z [inf]  	at org.springframework.beans.factory.support.BeanDefinitionValueResolver.resolveReference(BeanDefinitionValueResolver.java:377) ~[spring-beans-7.0.5.jar!/:7.0.5]
2026-06-14T02:50:21.224653415Z [inf]  	at org.springframework.beans.factory.support.BeanDefinitionValueResolver.resolveValueIfNecessary(BeanDefinitionValueResolver.java:135) ~[spring-beans-7.0.5.jar!/:7.0.5]
2026-06-14T02:50:21.224657666Z [inf]  	at org.springframework.beans.factory.support.ConstructorResolver.resolveConstructorArguments(ConstructorResolver.java:691) ~[spring-beans-7.0.5.jar!/:7.0.5]
2026-06-14T02:50:21.224661528Z [inf]  	at org.springframework.beans.factory.support.ConstructorResolver.instantiateUsingFactoryMethod(ConstructorResolver.java:513) ~[spring-beans-7.0.5.jar!/:7.0.5]
2026-06-14T02:50:21.224668421Z [inf]  	at org.springframework.beans.factory.config.DependencyDescriptor.resolveCandidate(DependencyDescriptor.java:229) ~[spring-beans-7.0.5.jar!/:7.0.5]
2026-06-14T02:50:21.224673732Z [inf]  	at org.springframework.beans.factory.support.DefaultListableBeanFactory.doResolveDependency(DefaultListableBeanFactory.java:1762) ~[spring-beans-7.0.5.jar!/:7.0.5]
2026-06-14T02:50:21.224678808Z [inf]  	at org.springframework.beans.factory.support.DefaultListableBeanFactory.resolveDependency(DefaultListableBeanFactory.java:1651) ~[spring-beans-7.0.5.jar!/:7.0.5]
2026-06-14T02:50:21.224683191Z [inf]  	at org.springframework.beans.factory.support.ConstructorResolver.resolveAutowiredArgument(ConstructorResolver.java:912) ~[spring-beans-7.0.5.jar!/:7.0.5]
2026-06-14T02:50:21.224688568Z [inf]  	at org.springframework.beans.factory.support.ConstructorResolver.createArgumentArray(ConstructorResolver.java:791) ~[spring-beans-7.0.5.jar!/:7.0.5]
2026-06-14T02:50:21.224692104Z [inf]  	... 58 common frames omitted
2026-06-14T02:50:21.225938600Z [inf]  	at org.springframework.beans.factory.support.AbstractAutowireCapableBeanFactory.instantiateUsingFactoryMethod(AbstractAutowireCapableBeanFactory.java:1362) ~[spring-beans-7.0.5.jar!/:7.0.5]
2026-06-14T02:50:21.225942924Z [inf]  	at org.springframework.beans.factory.support.AbstractAutowireCapableBeanFactory.createBeanInstance(AbstractAutowireCapableBeanFactory.java:1194) ~[spring-beans-7.0.5.jar!/:7.0.5]
2026-06-14T02:50:21.225946237Z [inf]  	at org.springframework.beans.factory.support.AbstractAutowireCapableBeanFactory.doCreateBean(AbstractAutowireCapableBeanFactory.java:565) ~[spring-beans-7.0.5.jar!/:7.0.5]
2026-06-14T02:50:21.225949450Z [inf]  	at org.springframework.beans.factory.support.AbstractAutowireCapableBeanFactory.createBean(AbstractAutowireCapableBeanFactory.java:525) ~[spring-beans-7.0.5.jar!/:7.0.5]
2026-06-14T02:50:21.225953148Z [inf]  	at org.springframework.beans.factory.support.AbstractBeanFactory.lambda$doGetBean$0(AbstractBeanFactory.java:333) ~[spring-beans-7.0.5.jar!/:7.0.5]
2026-06-14T02:50:21.225956166Z [inf]  	at org.springframework.beans.factory.support.DefaultSingletonBeanRegistry.getSingleton(DefaultSingletonBeanRegistry.java:371) ~[spring-beans-7.0.5.jar!/:7.0.5]
2026-06-14T02:50:21.225959606Z [inf]  	at org.springframework.beans.factory.support.AbstractBeanFactory.doGetBean(AbstractBeanFactory.java:331) ~[spring-beans-7.0.5.jar!/:7.0.5]
2026-06-14T02:50:21.225963913Z [inf]  	at org.springframework.beans.factory.support.AbstractBeanFactory.getBean(AbstractBeanFactory.java:201) ~[spring-beans-7.0.5.jar!/:7.0.5]
2026-06-14T02:50:21.225968850Z [inf]  	at org.springframework.beans.factory.support.BeanDefinitionValueResolver.resolveReference(BeanDefinitionValueResolver.java:356) ~[spring-beans-7.0.5.jar!/:7.0.5]
2026-06-14T02:50:21.225972129Z [inf]  	... 72 common frames omitted
2026-06-14T02:50:21.225975099Z [inf]  Caused by: org.springframework.beans.factory.BeanCreationException: Error creating bean with name 'entityManagerFactory' defined in class path resource [org/springframework/boot/hibernate/autoconfigure/HibernateJpaConfiguration.class]: Unable to build Hibernate SessionFactory  [persistence unit: default] ; nested exception is org.hibernate.exception.JDBCConnectionException: Unable to open JDBC Connection for DDL execution [Communications link failure
2026-06-14T02:50:21.227471976Z [inf]  
2026-06-14T02:50:21.227476259Z [inf]  The last packet sent successfully to the server was 0 milliseconds ago. The driver has not received any packets from the server.] [n/a]
2026-06-14T02:50:21.227478988Z [inf]  	at org.springframework.beans.factory.support.AbstractAutowireCapableBeanFactory.initializeBean(AbstractAutowireCapableBeanFactory.java:1817) ~[spring-beans-7.0.5.jar!/:7.0.5]
2026-06-14T02:50:21.227483191Z [inf]  	at org.springframework.beans.factory.support.AbstractAutowireCapableBeanFactory.doCreateBean(AbstractAutowireCapableBeanFactory.java:603) ~[spring-beans-7.0.5.jar!/:7.0.5]
2026-06-14T02:50:21.227487258Z [inf]  	at org.springframework.beans.factory.support.AbstractAutowireCapableBeanFactory.createBean(AbstractAutowireCapableBeanFactory.java:525) ~[spring-beans-7.0.5.jar!/:7.0.5]
2026-06-14T02:50:21.227491234Z [inf]  	at org.springframework.beans.factory.support.AbstractBeanFactory.lambda$doGetBean$0(AbstractBeanFactory.java:333) ~[spring-beans-7.0.5.jar!/:7.0.5]
2026-06-14T02:50:21.227495653Z [inf]  	at org.springframework.beans.factory.support.DefaultSingletonBeanRegistry.getSingleton(DefaultSingletonBeanRegistry.java:371) ~[spring-beans-7.0.5.jar!/:7.0.5]
2026-06-14T02:50:21.227498686Z [inf]  	at org.springframework.beans.factory.support.AbstractBeanFactory.doGetBean(AbstractBeanFactory.java:331) ~[spring-beans-7.0.5.jar!/:7.0.5]
2026-06-14T02:50:21.227501571Z [inf]  	at org.springframework.beans.factory.support.AbstractBeanFactory.getBean(AbstractBeanFactory.java:196) ~[spring-beans-7.0.5.jar!/:7.0.5]
2026-06-14T02:50:21.227504328Z [inf]  	at org.springframework.beans.factory.support.BeanDefinitionValueResolver.resolveReference(BeanDefinitionValueResolver.java:365) ~[spring-beans-7.0.5.jar!/:7.0.5]
2026-06-14T02:50:21.227507256Z [inf]  	... 84 common frames omitted
2026-06-14T02:50:21.227510028Z [inf]  Caused by: jakarta.persistence.PersistenceException: Unable to build Hibernate SessionFactory  [persistence unit: default] ; nested exception is org.hibernate.exception.JDBCConnectionException: Unable to open JDBC Connection for DDL execution [Communications link failure
2026-06-14T02:50:21.229085683Z [inf]  	at org.hibernate.exception.internal.StandardSQLExceptionConverter.convert(StandardSQLExceptionConverter.java:34) ~[hibernate-core-7.2.4.Final.jar!/:7.2.4.Final]
2026-06-14T02:50:21.229089186Z [inf]  
2026-06-14T02:50:21.229095314Z [inf]  The last packet sent successfully to the server was 0 milliseconds ago. The driver has not received any packets from the server.] [n/a]
2026-06-14T02:50:21.229098649Z [inf]  	at org.springframework.orm.jpa.AbstractEntityManagerFactoryBean.buildNativeEntityManagerFactory(AbstractEntityManagerFactoryBean.java:448) ~[spring-orm-7.0.5.jar!/:7.0.5]
2026-06-14T02:50:21.229103543Z [inf]  	at org.springframework.orm.jpa.AbstractEntityManagerFactoryBean.afterPropertiesSet(AbstractEntityManagerFactoryBean.java:411) ~[spring-orm-7.0.5.jar!/:7.0.5]
2026-06-14T02:50:21.229107346Z [inf]  	at org.springframework.orm.jpa.LocalContainerEntityManagerFactoryBean.afterPropertiesSet(LocalContainerEntityManagerFactoryBean.java:419) ~[spring-orm-7.0.5.jar!/:7.0.5]
2026-06-14T02:50:21.229110555Z [inf]  	at org.springframework.beans.factory.support.AbstractAutowireCapableBeanFactory.invokeInitMethods(AbstractAutowireCapableBeanFactory.java:1864) ~[spring-beans-7.0.5.jar!/:7.0.5]
2026-06-14T02:50:21.229114963Z [inf]  	at org.springframework.beans.factory.support.AbstractAutowireCapableBeanFactory.initializeBean(AbstractAutowireCapableBeanFactory.java:1813) ~[spring-beans-7.0.5.jar!/:7.0.5]
2026-06-14T02:50:21.229119187Z [inf]  Caused by: org.hibernate.exception.JDBCConnectionException: Unable to open JDBC Connection for DDL execution [Communications link failure
2026-06-14T02:50:21.229119770Z [inf]  	... 91 common frames omitted
2026-06-14T02:50:21.229125521Z [inf]  
2026-06-14T02:50:21.229129156Z [inf]  The last packet sent successfully to the server was 0 milliseconds ago. The driver has not received any packets from the server.] [n/a]
2026-06-14T02:50:21.229134102Z [inf]  	at org.hibernate.exception.internal.SQLStateConversionDelegate.convert(SQLStateConversionDelegate.java:80) ~[hibernate-core-7.2.4.Final.jar!/:7.2.4.Final]
2026-06-14T02:50:21.230646154Z [inf]  	at org.hibernate.engine.jdbc.spi.SqlExceptionHelper.convert(SqlExceptionHelper.java:115) ~[hibernate-core-7.2.4.Final.jar!/:7.2.4.Final]
2026-06-14T02:50:21.230650362Z [inf]  	at org.hibernate.engine.jdbc.spi.SqlExceptionHelper.convert(SqlExceptionHelper.java:101) ~[hibernate-core-7.2.4.Final.jar!/:7.2.4.Final]
2026-06-14T02:50:21.230653689Z [inf]  	at org.hibernate.resource.transaction.backend.jdbc.internal.DdlTransactionIsolatorNonJtaImpl.getIsolatedConnection(DdlTransactionIsolatorNonJtaImpl.java:71) ~[hibernate-core-7.2.4.Final.jar!/:7.2.4.Final]
2026-06-14T02:50:21.230659617Z [inf]  	at org.hibernate.resource.transaction.backend.jdbc.internal.DdlTransactionIsolatorNonJtaImpl.getIsolatedConnection(DdlTransactionIsolatorNonJtaImpl.java:37) ~[hibernate-core-7.2.4.Final.jar!/:7.2.4.Final]
2026-06-14T02:50:21.230663081Z [inf]  	at org.hibernate.tool.schema.internal.exec.ImprovedExtractionContextImpl.getJdbcConnection(ImprovedExtractionContextImpl.java:61) ~[hibernate-core-7.2.4.Final.jar!/:7.2.4.Final]
2026-06-14T02:50:21.230667433Z [inf]  	at org.hibernate.tool.schema.internal.exec.ImprovedExtractionContextImpl.getJdbcDatabaseMetaData(ImprovedExtractionContextImpl.java:68) ~[hibernate-core-7.2.4.Final.jar!/:7.2.4.Final]
2026-06-14T02:50:21.230670626Z [inf]  	at org.hibernate.tool.schema.extract.internal.InformationExtractorJdbcDatabaseMetaDataImpl.getJdbcDatabaseMetaData(InformationExtractorJdbcDatabaseMetaDataImpl.java:38) ~[hibernate-core-7.2.4.Final.jar!/:7.2.4.Final]
2026-06-14T02:50:21.230673722Z [inf]  	at org.hibernate.tool.schema.extract.internal.InformationExtractorJdbcDatabaseMetaDataImpl.processTableResultSet(InformationExtractorJdbcDatabaseMetaDataImpl.java:76) ~[hibernate-core-7.2.4.Final.jar!/:7.2.4.Final]
2026-06-14T02:50:21.230677136Z [inf]  	at org.hibernate.tool.schema.extract.internal.AbstractInformationExtractorImpl.getTables(AbstractInformationExtractorImpl.java:496) ~[hibernate-core-7.2.4.Final.jar!/:7.2.4.Final]
2026-06-14T02:50:21.232142292Z [inf]  	at org.hibernate.tool.schema.extract.internal.DatabaseInformationImpl.getTablesInformation(DatabaseInformationImpl.java:124) ~[hibernate-core-7.2.4.Final.jar!/:7.2.4.Final]
2026-06-14T02:50:21.232145585Z [inf]  	at org.hibernate.tool.schema.internal.GroupedSchemaMigratorImpl.performTablesMigration(GroupedSchemaMigratorImpl.java:72) ~[hibernate-core-7.2.4.Final.jar!/:7.2.4.Final]
2026-06-14T02:50:21.232148299Z [inf]  	at org.hibernate.tool.schema.internal.AbstractSchemaMigrator.performMigration(AbstractSchemaMigrator.java:220) ~[hibernate-core-7.2.4.Final.jar!/:7.2.4.Final]
2026-06-14T02:50:21.232150881Z [inf]  	at org.hibernate.tool.schema.internal.AbstractSchemaMigrator.doMigration(AbstractSchemaMigrator.java:96) ~[hibernate-core-7.2.4.Final.jar!/:7.2.4.Final]
2026-06-14T02:50:21.232153608Z [inf]  	at org.hibernate.tool.schema.spi.SchemaManagementToolCoordinator.performDatabaseAction(SchemaManagementToolCoordinator.java:269) ~[hibernate-core-7.2.4.Final.jar!/:7.2.4.Final]
2026-06-14T02:50:21.232156278Z [inf]  	at org.hibernate.tool.schema.spi.SchemaManagementToolCoordinator.lambda$process$1(SchemaManagementToolCoordinator.java:101) ~[hibernate-core-7.2.4.Final.jar!/:7.2.4.Final]
2026-06-14T02:50:21.232158845Z [inf]  	at java.base/java.util.HashMap.forEach(HashMap.java:1429) ~[na:na]
2026-06-14T02:50:21.232161397Z [inf]  	at org.hibernate.tool.schema.spi.SchemaManagementToolCoordinator.process(SchemaManagementToolCoordinator.java:100) ~[hibernate-core-7.2.4.Final.jar!/:7.2.4.Final]
2026-06-14T02:50:21.232163920Z [inf]  	at org.hibernate.boot.internal.SessionFactoryObserverForSchemaExport.sessionFactoryCreated(SessionFactoryObserverForSchemaExport.java:35) ~[hibernate-core-7.2.4.Final.jar!/:7.2.4.Final]
2026-06-14T02:50:21.232166583Z [inf]  	at org.hibernate.internal.SessionFactoryObserverChain.sessionFactoryCreated(SessionFactoryObserverChain.java:33) ~[hibernate-core-7.2.4.Final.jar!/:7.2.4.Final]
2026-06-14T02:50:21.232168966Z [inf]  	at org.hibernate.internal.SessionFactoryImpl.<init>(SessionFactoryImpl.java:323) ~[hibernate-core-7.2.4.Final.jar!/:7.2.4.Final]
2026-06-14T02:50:21.233787623Z [inf]  	at com.mysql.cj.jdbc.exceptions.SQLExceptionsMapping.translateException(SQLExceptionsMapping.java:55) ~[mysql-connector-j-9.6.0.jar!/:9.6.0]
2026-06-14T02:50:21.233800206Z [inf]  	at org.hibernate.internal.SessionFactoryRegistry.instantiateSessionFactory(SessionFactoryRegistry.java:64) ~[hibernate-core-7.2.4.Final.jar!/:7.2.4.Final]
2026-06-14T02:50:21.233806696Z [inf]  	at org.hibernate.boot.internal.SessionFactoryBuilderImpl.build(SessionFactoryBuilderImpl.java:437) ~[hibernate-core-7.2.4.Final.jar!/:7.2.4.Final]
2026-06-14T02:50:21.233810270Z [inf]  	at org.hibernate.jpa.boot.internal.EntityManagerFactoryBuilderImpl.build(EntityManagerFactoryBuilderImpl.java:1456) ~[hibernate-core-7.2.4.Final.jar!/:7.2.4.Final]
2026-06-14T02:50:21.233813021Z [inf]  	at org.springframework.orm.jpa.vendor.SpringHibernateJpaPersistenceProvider.createContainerEntityManagerFactory(SpringHibernateJpaPersistenceProvider.java:93) ~[spring-orm-7.0.5.jar!/:7.0.5]
2026-06-14T02:50:21.233817376Z [inf]  	at org.springframework.orm.jpa.LocalContainerEntityManagerFactoryBean.createNativeEntityManagerFactory(LocalContainerEntityManagerFactoryBean.java:443) ~[spring-orm-7.0.5.jar!/:7.0.5]
2026-06-14T02:50:21.233820529Z [inf]  	at org.springframework.orm.jpa.AbstractEntityManagerFactoryBean.buildNativeEntityManagerFactory(AbstractEntityManagerFactoryBean.java:436) ~[spring-orm-7.0.5.jar!/:7.0.5]
2026-06-14T02:50:21.233823644Z [inf]  	... 95 common frames omitted
2026-06-14T02:50:21.233826486Z [inf]  Caused by: com.mysql.cj.jdbc.exceptions.CommunicationsException: Communications link failure
2026-06-14T02:50:21.233829651Z [inf]  
2026-06-14T02:50:21.233832651Z [inf]  The last packet sent successfully to the server was 0 milliseconds ago. The driver has not received any packets from the server.
2026-06-14T02:50:21.233835316Z [inf]  	at com.mysql.cj.jdbc.exceptions.SQLError.createCommunicationsException(SQLError.java:165) ~[mysql-connector-j-9.6.0.jar!/:9.6.0]
2026-06-14T02:50:21.235418869Z [inf]  	at com.zaxxer.hikari.HikariDataSource.getConnection(HikariDataSource.java:111) ~[HikariCP-7.0.2.jar!/:na]
2026-06-14T02:50:21.235423516Z [inf]  	at org.hibernate.engine.jdbc.connections.internal.DataSourceConnectionProvider.getConnection(DataSourceConnectionProvider.java:137) ~[hibernate-core-7.2.4.Final.jar!/:7.2.4.Final]
2026-06-14T02:50:21.235428168Z [inf]  	at org.hibernate.engine.jdbc.env.internal.JdbcEnvironmentInitiator$ConnectionProviderJdbcConnectionAccess.obtainConnection(JdbcEnvironmentInitiator.java:508) ~[hibernate-core-7.2.4.Final.jar!/:7.2.4.Final]
2026-06-14T02:50:21.235431332Z [inf]  	at com.mysql.cj.jdbc.ConnectionImpl.createNewIO(ConnectionImpl.java:840) ~[mysql-connector-j-9.6.0.jar!/:9.6.0]
2026-06-14T02:50:21.235436348Z [inf]  	at com.mysql.cj.jdbc.ConnectionImpl.<init>(ConnectionImpl.java:416) ~[mysql-connector-j-9.6.0.jar!/:9.6.0]
2026-06-14T02:50:21.235439376Z [inf]  	at com.mysql.cj.jdbc.ConnectionImpl.getInstance(ConnectionImpl.java:237) ~[mysql-connector-j-9.6.0.jar!/:9.6.0]
2026-06-14T02:50:21.235441944Z [inf]  	at com.mysql.cj.jdbc.NonRegisteringDriver.connect(NonRegisteringDriver.java:180) ~[mysql-connector-j-9.6.0.jar!/:9.6.0]
2026-06-14T02:50:21.235445311Z [inf]  	at com.zaxxer.hikari.util.DriverDataSource.getConnection(DriverDataSource.java:144) ~[HikariCP-7.0.2.jar!/:na]
2026-06-14T02:50:21.235448189Z [inf]  	at com.zaxxer.hikari.pool.PoolBase.newConnection(PoolBase.java:373) ~[HikariCP-7.0.2.jar!/:na]
2026-06-14T02:50:21.235451032Z [inf]  	at com.zaxxer.hikari.pool.PoolBase.newPoolEntry(PoolBase.java:210) ~[HikariCP-7.0.2.jar!/:na]
2026-06-14T02:50:21.235453737Z [inf]  	at com.zaxxer.hikari.pool.HikariPool.createPoolEntry(HikariPool.java:488) ~[HikariCP-7.0.2.jar!/:na]
2026-06-14T02:50:21.235456683Z [inf]  	at com.zaxxer.hikari.pool.HikariPool.checkFailFast(HikariPool.java:576) ~[HikariCP-7.0.2.jar!/:na]
2026-06-14T02:50:21.235459529Z [inf]  	at com.zaxxer.hikari.pool.HikariPool.<init>(HikariPool.java:97) ~[HikariCP-7.0.2.jar!/:na]
2026-06-14T02:50:21.236646708Z [inf]  	at com.mysql.cj.exceptions.ExceptionFactory.createException(ExceptionFactory.java:95) ~[mysql-connector-j-9.6.0.jar!/:9.6.0]
2026-06-14T02:50:21.236653338Z [inf]  	at com.mysql.cj.exceptions.ExceptionFactory.createException(ExceptionFactory.java:140) ~[mysql-connector-j-9.6.0.jar!/:9.6.0]
2026-06-14T02:50:21.236654482Z [inf]  	at org.hibernate.resource.transaction.backend.jdbc.internal.DdlTransactionIsolatorNonJtaImpl.getIsolatedConnection(DdlTransactionIsolatorNonJtaImpl.java:44) ~[hibernate-core-7.2.4.Final.jar!/:7.2.4.Final]
2026-06-14T02:50:21.236660378Z [inf]  	at com.mysql.cj.exceptions.ExceptionFactory.createCommunicationsException(ExceptionFactory.java:156) ~[mysql-connector-j-9.6.0.jar!/:9.6.0]
2026-06-14T02:50:21.236662501Z [inf]  	... 118 common frames omitted
2026-06-14T02:50:21.236666695Z [inf]  	at com.mysql.cj.protocol.a.NativeSocketConnection.connect(NativeSocketConnection.java:79) ~[mysql-connector-j-9.6.0.jar!/:9.6.0]
2026-06-14T02:50:21.236669312Z [inf]  Caused by: com.mysql.cj.exceptions.CJCommunicationsException: Communications link failure
2026-06-14T02:50:21.236673160Z [inf]  	at com.mysql.cj.NativeSession.connect(NativeSession.java:142) ~[mysql-connector-j-9.6.0.jar!/:9.6.0]
2026-06-14T02:50:21.236675155Z [inf]  
2026-06-14T02:50:21.236679161Z [inf]  The last packet sent successfully to the server was 0 milliseconds ago. The driver has not received any packets from the server.
2026-06-14T02:50:21.236682444Z [inf]  	at java.base/jdk.internal.reflect.DirectConstructorHandleAccessor.newInstance(DirectConstructorHandleAccessor.java:62) ~[na:na]
2026-06-14T02:50:21.236685349Z [inf]  	at java.base/java.lang.reflect.Constructor.newInstanceWithCaller(Constructor.java:502) ~[na:na]
2026-06-14T02:50:21.236688378Z [inf]  	at java.base/java.lang.reflect.Constructor.newInstance(Constructor.java:486) ~[na:na]
2026-06-14T02:50:21.236691401Z [inf]  	at com.mysql.cj.exceptions.ExceptionFactory.createException(ExceptionFactory.java:52) ~[mysql-connector-j-9.6.0.jar!/:9.6.0]
2026-06-14T02:50:21.237826520Z [inf]  	at com.mysql.cj.jdbc.ConnectionImpl.connectOneTryOnly(ConnectionImpl.java:964) ~[mysql-connector-j-9.6.0.jar!/:9.6.0]
2026-06-14T02:50:21.237829901Z [inf]  	at com.mysql.cj.jdbc.ConnectionImpl.createNewIO(ConnectionImpl.java:828) ~[mysql-connector-j-9.6.0.jar!/:9.6.0]
2026-06-14T02:50:21.237832851Z [inf]  	... 131 common frames omitted
2026-06-14T02:50:21.237835973Z [inf]  Caused by: java.net.UnknownHostException: mysql.railway.internal
2026-06-14T02:50:21.237838714Z [inf]  	at java.base/java.net.InetAddress$CachedLookup.get(InetAddress.java:988) ~[na:na]
2026-06-14T02:50:21.237841547Z [inf]  	at java.base/java.net.InetAddress.getAllByName0(InetAddress.java:1818) ~[na:na]
2026-06-14T02:50:21.237844269Z [inf]  	at java.base/java.net.InetAddress.getAllByName(InetAddress.java:1688) ~[na:na]
2026-06-14T02:50:21.237847133Z [inf]  	at com.mysql.cj.protocol.StandardSocketFactory.connect(StandardSocketFactory.java:121) ~[mysql-connector-j-9.6.0.jar!/:9.6.0]
2026-06-14T02:50:21.237849807Z [inf]  	at com.mysql.cj.protocol.a.NativeSocketConnection.connect(NativeSocketConnection.java:53) ~[mysql-connector-j-9.6.0.jar!/:9.6.0]
2026-06-14T02:50:21.237853164Z [inf]  	... 134 common frames omitted
2026-06-14T02:50:21.237855956Z [inf]  
2026-06-14T02:50:23.248136520Z [inf]    '  |____| .__|_| |_|_| |_\__, | / / / /
2026-06-14T02:50:23.248144289Z [inf]   =========|_|==============|___/=/_/_/_/
2026-06-14T02:50:23.248149678Z [inf]  
2026-06-14T02:50:23.248149787Z [inf]  
2026-06-14T02:50:23.248156587Z [inf]   :: Spring Boot ::                (v4.0.3)
2026-06-14T02:50:23.248156697Z [inf]    .   ____          _            __ _ _
2026-06-14T02:50:23.248162817Z [inf]   /\\ / ___'_ __ _ _(_)_ __  __ _ \ \ \ \
2026-06-14T02:50:23.248163131Z [inf]  
2026-06-14T02:50:23.248166234Z [inf]  ( ( )\___ | '_ | '_| | '_ \/ _` | \ \ \ \
2026-06-14T02:50:23.248169392Z [inf]   \\/  ___)| |_)| | | | | || (_| |  ) ) ) )
2026-06-14T02:50:23.311033387Z [inf]  2026-06-14T02:50:23.302Z  INFO 1 --- [datn-backend] [           main] c.example.demo.DatnBackendApplication    : Starting DatnBackendApplication v0.0.1-SNAPSHOT using Java 21.0.2 with PID 1 (/app/target/datn-backend-0.0.1-SNAPSHOT.jar started by root in /app)
2026-06-14T02:50:23.311040895Z [inf]  2026-06-14T02:50:23.307Z  INFO 1 --- [datn-backend] [           main] c.example.demo.DatnBackendApplication    : The following 1 profile is active: "prod"
2026-06-14T02:50:28.603206703Z [inf]  2026-06-14T02:50:28.594Z  WARN 1 --- [datn-backend] [           main] org.hibernate.orm.jdbc.error             : HHH000247: ErrorCode: 0, SQLState: 08S01
2026-06-14T02:50:28.603212220Z [inf]  2026-06-14T02:50:28.595Z  WARN 1 --- [datn-backend] [           main] org.hibernate.orm.jdbc                   : HHH100046: Could not obtain connection to query JDBC database metadata
2026-06-14T02:50:28.603217365Z [inf]  2026-06-14T02:50:28.595Z  WARN 1 --- [datn-backend] [           main] org.hibernate.orm.jdbc.error             : Communications link failure
2026-06-14T02:50:28.603220457Z [inf]  	at org.hibernate.engine.jdbc.spi.SqlExceptionHelper.convert(SqlExceptionHelper.java:101) ~[hibernate-core-7.2.4.Final.jar!/:7.2.4.Final]
2026-06-14T02:50:28.603223081Z [inf]  
2026-06-14T02:50:28.603227425Z [inf]  
2026-06-14T02:50:28.603229514Z [inf]  	at org.hibernate.resource.transaction.backend.jdbc.internal.JdbcIsolationDelegate.delegateWork(JdbcIsolationDelegate.java:51) ~[hibernate-core-7.2.4.Final.jar!/:7.2.4.Final]
2026-06-14T02:50:28.603233266Z [inf]  org.hibernate.exception.JDBCConnectionException: Unable to obtain isolated JDBC connection [Communications link failure
2026-06-14T02:50:28.603235735Z [inf]  The last packet sent successfully to the server was 0 milliseconds ago. The driver has not received any packets from the server.
2026-06-14T02:50:28.603240177Z [inf]  
2026-06-14T02:50:28.603247620Z [inf]  The last packet sent successfully to the server was 0 milliseconds ago. The driver has not received any packets from the server.] [n/a]
2026-06-14T02:50:28.603248118Z [inf]  	at org.hibernate.exception.internal.SQLStateConversionDelegate.convert(SQLStateConversionDelegate.java:80) ~[hibernate-core-7.2.4.Final.jar!/:7.2.4.Final]
2026-06-14T02:50:28.603255518Z [inf]  	at org.hibernate.exception.internal.StandardSQLExceptionConverter.convert(StandardSQLExceptionConverter.java:34) ~[hibernate-core-7.2.4.Final.jar!/:7.2.4.Final]
2026-06-14T02:50:28.603259329Z [inf]  	at org.hibernate.engine.jdbc.spi.SqlExceptionHelper.convert(SqlExceptionHelper.java:115) ~[hibernate-core-7.2.4.Final.jar!/:7.2.4.Final]
2026-06-14T02:50:28.604608909Z [inf]  	at org.hibernate.engine.jdbc.env.internal.JdbcEnvironmentInitiator.getJdbcEnvironmentUsingJdbcMetadata(JdbcEnvironmentInitiator.java:366) ~[hibernate-core-7.2.4.Final.jar!/:7.2.4.Final]
2026-06-14T02:50:28.604616736Z [inf]  	at org.hibernate.engine.jdbc.env.internal.JdbcEnvironmentInitiator.getJdbcEnvironment(JdbcEnvironmentInitiator.java:143) ~[hibernate-core-7.2.4.Final.jar!/:7.2.4.Final]
2026-06-14T02:50:28.604621812Z [inf]  	at org.hibernate.engine.jdbc.env.internal.JdbcEnvironmentInitiator.initiateService(JdbcEnvironmentInitiator.java:120) ~[hibernate-core-7.2.4.Final.jar!/:7.2.4.Final]
2026-06-14T02:50:28.604627377Z [inf]  	at org.hibernate.engine.jdbc.env.internal.JdbcEnvironmentInitiator.initiateService(JdbcEnvironmentInitiator.java:80) ~[hibernate-core-7.2.4.Final.jar!/:7.2.4.Final]
2026-06-14T02:50:28.604632553Z [inf]  	at org.hibernate.boot.registry.internal.StandardServiceRegistryImpl.initiateService(StandardServiceRegistryImpl.java:133) ~[hibernate-core-7.2.4.Final.jar!/:7.2.4.Final]
2026-06-14T02:50:28.604637941Z [inf]  	at org.hibernate.service.internal.AbstractServiceRegistryImpl.createService(AbstractServiceRegistryImpl.java:260) ~[hibernate-core-7.2.4.Final.jar!/:7.2.4.Final]
2026-06-14T02:50:28.604643567Z [inf]  	at org.hibernate.service.internal.AbstractServiceRegistryImpl.initializeService(AbstractServiceRegistryImpl.java:235) ~[hibernate-core-7.2.4.Final.jar!/:7.2.4.Final]
2026-06-14T02:50:28.604649129Z [inf]  	at org.hibernate.service.internal.AbstractServiceRegistryImpl.getService(AbstractServiceRegistryImpl.java:212) ~[hibernate-core-7.2.4.Final.jar!/:7.2.4.Final]
2026-06-14T02:50:28.604654084Z [inf]  	at org.hibernate.boot.model.relational.Database.<init>(Database.java:44) ~[hibernate-core-7.2.4.Final.jar!/:7.2.4.Final]
2026-06-14T02:50:28.604659842Z [inf]  	at org.hibernate.boot.internal.InFlightMetadataCollectorImpl.getDatabase(InFlightMetadataCollectorImpl.java:251) ~[hibernate-core-7.2.4.Final.jar!/:7.2.4.Final]
2026-06-14T02:50:28.605988661Z [inf]  	at org.hibernate.boot.internal.InFlightMetadataCollectorImpl.<init>(InFlightMetadataCollectorImpl.java:203) ~[hibernate-core-7.2.4.Final.jar!/:7.2.4.Final]
2026-06-14T02:50:28.605993725Z [inf]  	at org.hibernate.boot.model.process.spi.MetadataBuildingProcess.complete(MetadataBuildingProcess.java:170) ~[hibernate-core-7.2.4.Final.jar!/:7.2.4.Final]
2026-06-14T02:50:28.605997514Z [inf]  	at org.hibernate.jpa.boot.internal.EntityManagerFactoryBuilderImpl.metadata(EntityManagerFactoryBuilderImpl.java:1392) ~[hibernate-core-7.2.4.Final.jar!/:7.2.4.Final]
2026-06-14T02:50:28.606001197Z [inf]  	at org.hibernate.jpa.boot.internal.EntityManagerFactoryBuilderImpl.populateSessionFactoryBuilder(EntityManagerFactoryBuilderImpl.java:1472) ~[hibernate-core-7.2.4.Final.jar!/:7.2.4.Final]
2026-06-14T02:50:28.606004590Z [inf]  	at org.hibernate.jpa.boot.internal.EntityManagerFactoryBuilderImpl.build(EntityManagerFactoryBuilderImpl.java:1454) ~[hibernate-core-7.2.4.Final.jar!/:7.2.4.Final]
2026-06-14T02:50:28.606007688Z [inf]  	at org.springframework.orm.jpa.vendor.SpringHibernateJpaPersistenceProvider.createContainerEntityManagerFactory(SpringHibernateJpaPersistenceProvider.java:93) ~[spring-orm-7.0.5.jar!/:7.0.5]
2026-06-14T02:50:28.606010668Z [inf]  	at org.springframework.orm.jpa.LocalContainerEntityManagerFactoryBean.createNativeEntityManagerFactory(LocalContainerEntityManagerFactoryBean.java:443) ~[spring-orm-7.0.5.jar!/:7.0.5]
2026-06-14T02:50:28.606014632Z [inf]  	at org.springframework.orm.jpa.AbstractEntityManagerFactoryBean.buildNativeEntityManagerFactory(AbstractEntityManagerFactoryBean.java:436) ~[spring-orm-7.0.5.jar!/:7.0.5]
2026-06-14T02:50:28.606018391Z [inf]  	at org.springframework.orm.jpa.AbstractEntityManagerFactoryBean.afterPropertiesSet(AbstractEntityManagerFactoryBean.java:411) ~[spring-orm-7.0.5.jar!/:7.0.5]
2026-06-14T02:50:28.606021644Z [inf]  	at org.springframework.orm.jpa.LocalContainerEntityManagerFactoryBean.afterPropertiesSet(LocalContainerEntityManagerFactoryBean.java:419) ~[spring-orm-7.0.5.jar!/:7.0.5]
2026-06-14T02:50:28.607637586Z [inf]  	at org.springframework.beans.factory.support.AbstractAutowireCapableBeanFactory.invokeInitMethods(AbstractAutowireCapableBeanFactory.java:1864) ~[spring-beans-7.0.5.jar!/:7.0.5]
2026-06-14T02:50:28.607643358Z [inf]  	at org.springframework.beans.factory.support.AbstractAutowireCapableBeanFactory.initializeBean(AbstractAutowireCapableBeanFactory.java:1813) ~[spring-beans-7.0.5.jar!/:7.0.5]
2026-06-14T02:50:28.607648118Z [inf]  	at org.springframework.beans.factory.support.AbstractAutowireCapableBeanFactory.doCreateBean(AbstractAutowireCapableBeanFactory.java:603) ~[spring-beans-7.0.5.jar!/:7.0.5]
2026-06-14T02:50:28.607652742Z [inf]  	at org.springframework.beans.factory.support.AbstractAutowireCapableBeanFactory.createBean(AbstractAutowireCapableBeanFactory.java:525) ~[spring-beans-7.0.5.jar!/:7.0.5]
2026-06-14T02:50:28.607657180Z [inf]  	at org.springframework.beans.factory.support.AbstractBeanFactory.lambda$doGetBean$0(AbstractBeanFactory.java:333) ~[spring-beans-7.0.5.jar!/:7.0.5]
2026-06-14T02:50:28.607661133Z [inf]  	at org.springframework.beans.factory.support.DefaultSingletonBeanRegistry.getSingleton(DefaultSingletonBeanRegistry.java:371) ~[spring-beans-7.0.5.jar!/:7.0.5]
2026-06-14T02:50:28.607665280Z [inf]  	at org.springframework.beans.factory.support.AbstractBeanFactory.doGetBean(AbstractBeanFactory.java:331) ~[spring-beans-7.0.5.jar!/:7.0.5]
2026-06-14T02:50:28.607669494Z [inf]  	at org.springframework.beans.factory.support.AbstractBeanFactory.getBean(AbstractBeanFactory.java:196) ~[spring-beans-7.0.5.jar!/:7.0.5]
2026-06-14T02:50:28.607674017Z [inf]  	at org.springframework.beans.factory.support.BeanDefinitionValueResolver.resolveReference(BeanDefinitionValueResolver.java:365) ~[spring-beans-7.0.5.jar!/:7.0.5]
2026-06-14T02:50:28.607678065Z [inf]  	at org.springframework.beans.factory.support.BeanDefinitionValueResolver.resolveValueIfNecessary(BeanDefinitionValueResolver.java:135) ~[spring-beans-7.0.5.jar!/:7.0.5]
2026-06-14T02:50:28.609144316Z [inf]  	at org.springframework.beans.factory.support.ConstructorResolver.resolveConstructorArguments(ConstructorResolver.java:691) ~[spring-beans-7.0.5.jar!/:7.0.5]
2026-06-14T02:50:28.609151884Z [inf]  	at org.springframework.beans.factory.support.ConstructorResolver.instantiateUsingFactoryMethod(ConstructorResolver.java:513) ~[spring-beans-7.0.5.jar!/:7.0.5]
2026-06-14T02:50:28.609155949Z [inf]  	at org.springframework.beans.factory.support.AbstractAutowireCapableBeanFactory.instantiateUsingFactoryMethod(AbstractAutowireCapableBeanFactory.java:1362) ~[spring-beans-7.0.5.jar!/:7.0.5]
2026-06-14T02:50:28.609159665Z [inf]  	at org.springframework.beans.factory.support.AbstractAutowireCapableBeanFactory.createBeanInstance(AbstractAutowireCapableBeanFactory.java:1194) ~[spring-beans-7.0.5.jar!/:7.0.5]
2026-06-14T02:50:28.609162726Z [inf]  	at org.springframework.beans.factory.support.AbstractAutowireCapableBeanFactory.doCreateBean(AbstractAutowireCapableBeanFactory.java:565) ~[spring-beans-7.0.5.jar!/:7.0.5]
2026-06-14T02:50:28.609166527Z [inf]  	at org.springframework.beans.factory.support.AbstractAutowireCapableBeanFactory.createBean(AbstractAutowireCapableBeanFactory.java:525) ~[spring-beans-7.0.5.jar!/:7.0.5]
2026-06-14T02:50:28.609169923Z [inf]  	at org.springframework.beans.factory.support.AbstractBeanFactory.lambda$doGetBean$0(AbstractBeanFactory.java:333) ~[spring-beans-7.0.5.jar!/:7.0.5]
2026-06-14T02:50:28.609174135Z [inf]  	at org.springframework.beans.factory.support.DefaultSingletonBeanRegistry.getSingleton(DefaultSingletonBeanRegistry.java:371) ~[spring-beans-7.0.5.jar!/:7.0.5]
2026-06-14T02:50:28.609177504Z [inf]  	at org.springframework.beans.factory.support.AbstractBeanFactory.doGetBean(AbstractBeanFactory.java:331) ~[spring-beans-7.0.5.jar!/:7.0.5]
2026-06-14T02:50:28.609181266Z [inf]  	at org.springframework.beans.factory.support.AbstractBeanFactory.getBean(AbstractBeanFactory.java:201) ~[spring-beans-7.0.5.jar!/:7.0.5]
2026-06-14T02:50:28.610509117Z [inf]  	at org.springframework.beans.factory.support.BeanDefinitionValueResolver.resolveReference(BeanDefinitionValueResolver.java:356) ~[spring-beans-7.0.5.jar!/:7.0.5]
2026-06-14T02:50:28.610517519Z [inf]  	at org.springframework.beans.factory.support.BeanDefinitionValueResolver.resolveValueIfNecessary(BeanDefinitionValueResolver.java:135) ~[spring-beans-7.0.5.jar!/:7.0.5]
2026-06-14T02:50:28.610523831Z [inf]  	at org.springframework.beans.factory.support.AbstractAutowireCapableBeanFactory.applyPropertyValues(AbstractAutowireCapableBeanFactory.java:1712) ~[spring-beans-7.0.5.jar!/:7.0.5]
2026-06-14T02:50:28.610529526Z [inf]  	at org.springframework.beans.factory.support.AbstractAutowireCapableBeanFactory.populateBean(AbstractAutowireCapableBeanFactory.java:1461) ~[spring-beans-7.0.5.jar!/:7.0.5]
2026-06-14T02:50:28.610534832Z [inf]  	at org.springframework.beans.factory.support.AbstractAutowireCapableBeanFactory.doCreateBean(AbstractAutowireCapableBeanFactory.java:602) ~[spring-beans-7.0.5.jar!/:7.0.5]
2026-06-14T02:50:28.610539888Z [inf]  	at org.springframework.beans.factory.support.AbstractAutowireCapableBeanFactory.createBean(AbstractAutowireCapableBeanFactory.java:525) ~[spring-beans-7.0.5.jar!/:7.0.5]
2026-06-14T02:50:28.610545342Z [inf]  	at org.springframework.beans.factory.support.AbstractBeanFactory.lambda$doGetBean$0(AbstractBeanFactory.java:333) ~[spring-beans-7.0.5.jar!/:7.0.5]
2026-06-14T02:50:28.610550049Z [inf]  	at org.springframework.beans.factory.support.DefaultSingletonBeanRegistry.getSingleton(DefaultSingletonBeanRegistry.java:371) ~[spring-beans-7.0.5.jar!/:7.0.5]
2026-06-14T02:50:28.610554873Z [inf]  	at org.springframework.beans.factory.support.AbstractBeanFactory.doGetBean(AbstractBeanFactory.java:331) ~[spring-beans-7.0.5.jar!/:7.0.5]
2026-06-14T02:50:28.610560040Z [inf]  	at org.springframework.beans.factory.support.AbstractBeanFactory.getBean(AbstractBeanFactory.java:201) ~[spring-beans-7.0.5.jar!/:7.0.5]
2026-06-14T02:50:28.611977448Z [inf]  	at org.springframework.beans.factory.config.DependencyDescriptor.resolveCandidate(DependencyDescriptor.java:229) ~[spring-beans-7.0.5.jar!/:7.0.5]
2026-06-14T02:50:28.611982454Z [inf]  	at org.springframework.beans.factory.support.DefaultListableBeanFactory.doResolveDependency(DefaultListableBeanFactory.java:1762) ~[spring-beans-7.0.5.jar!/:7.0.5]
2026-06-14T02:50:28.611986056Z [inf]  	at org.springframework.beans.factory.support.DefaultListableBeanFactory.resolveDependency(DefaultListableBeanFactory.java:1651) ~[spring-beans-7.0.5.jar!/:7.0.5]
2026-06-14T02:50:28.611989290Z [inf]  	at org.springframework.beans.factory.support.ConstructorResolver.resolveAutowiredArgument(ConstructorResolver.java:912) ~[spring-beans-7.0.5.jar!/:7.0.5]
2026-06-14T02:50:28.611993147Z [inf]  	at org.springframework.beans.factory.support.ConstructorResolver.createArgumentArray(ConstructorResolver.java:791) ~[spring-beans-7.0.5.jar!/:7.0.5]
2026-06-14T02:50:28.611996246Z [inf]  	at org.springframework.beans.factory.support.ConstructorResolver.autowireConstructor(ConstructorResolver.java:240) ~[spring-beans-7.0.5.jar!/:7.0.5]
2026-06-14T02:50:28.611999193Z [inf]  	at org.springframework.beans.factory.support.AbstractAutowireCapableBeanFactory.autowireConstructor(AbstractAutowireCapableBeanFactory.java:1382) ~[spring-beans-7.0.5.jar!/:7.0.5]
2026-06-14T02:50:28.612002410Z [inf]  	at org.springframework.beans.factory.support.AbstractAutowireCapableBeanFactory.createBeanInstance(AbstractAutowireCapableBeanFactory.java:1221) ~[spring-beans-7.0.5.jar!/:7.0.5]
2026-06-14T02:50:28.612005483Z [inf]  	at org.springframework.beans.factory.support.AbstractAutowireCapableBeanFactory.doCreateBean(AbstractAutowireCapableBeanFactory.java:565) ~[spring-beans-7.0.5.jar!/:7.0.5]
2026-06-14T02:50:28.612008594Z [inf]  	at org.springframework.beans.factory.support.AbstractAutowireCapableBeanFactory.createBean(AbstractAutowireCapableBeanFactory.java:525) ~[spring-beans-7.0.5.jar!/:7.0.5]
2026-06-14T02:50:28.613162314Z [inf]  	at org.springframework.beans.factory.support.AbstractBeanFactory.lambda$doGetBean$0(AbstractBeanFactory.java:333) ~[spring-beans-7.0.5.jar!/:7.0.5]
2026-06-14T02:50:28.613172296Z [inf]  	at org.springframework.beans.factory.support.DefaultSingletonBeanRegistry.getSingleton(DefaultSingletonBeanRegistry.java:371) ~[spring-beans-7.0.5.jar!/:7.0.5]
2026-06-14T02:50:28.613176388Z [inf]  	at org.springframework.beans.factory.support.AbstractBeanFactory.doGetBean(AbstractBeanFactory.java:331) ~[spring-beans-7.0.5.jar!/:7.0.5]
2026-06-14T02:50:28.613181961Z [inf]  	at org.springframework.beans.factory.support.AbstractBeanFactory.getBean(AbstractBeanFactory.java:201) ~[spring-beans-7.0.5.jar!/:7.0.5]
2026-06-14T02:50:28.613185560Z [inf]  	at org.springframework.boot.web.servlet.ServletContextInitializerBeans.getOrderedBeansOfType(ServletContextInitializerBeans.java:231) ~[spring-boot-4.0.3.jar!/:4.0.3]
2026-06-14T02:50:28.613189870Z [inf]  	at org.springframework.boot.web.servlet.ServletContextInitializerBeans.addAsRegistrationBean(ServletContextInitializerBeans.java:185) ~[spring-boot-4.0.3.jar!/:4.0.3]
2026-06-14T02:50:28.613193322Z [inf]  	at org.springframework.boot.web.servlet.ServletContextInitializerBeans.addAsRegistrationBean(ServletContextInitializerBeans.java:180) ~[spring-boot-4.0.3.jar!/:4.0.3]
2026-06-14T02:50:28.613196798Z [inf]  	at org.springframework.boot.web.servlet.ServletContextInitializerBeans.addAdaptableBeans(ServletContextInitializerBeans.java:165) ~[spring-boot-4.0.3.jar!/:4.0.3]
2026-06-14T02:50:28.613200364Z [inf]  	at org.springframework.boot.web.servlet.ServletContextInitializerBeans.<init>(ServletContextInitializerBeans.java:97) ~[spring-boot-4.0.3.jar!/:4.0.3]
2026-06-14T02:50:28.613203904Z [inf]  	at org.springframework.boot.web.context.servlet.WebApplicationContextInitializer.initialize(WebApplicationContextInitializer.java:53) ~[spring-boot-4.0.3.jar!/:4.0.3]
2026-06-14T02:50:28.613207286Z [inf]  	at org.springframework.boot.tomcat.servlet.DeferredServletContainerInitializers.onStartup(DeferredServletContainerInitializers.java:55) ~[spring-boot-tomcat-4.0.3.jar!/:4.0.3]
2026-06-14T02:50:28.614722979Z [inf]  	at org.apache.catalina.core.StandardContext.startInternal(StandardContext.java:4416) ~[tomcat-embed-core-11.0.18.jar!/:na]
2026-06-14T02:50:28.614729683Z [inf]  	at org.apache.catalina.util.LifecycleBase.start(LifecycleBase.java:164) ~[tomcat-embed-core-11.0.18.jar!/:na]
2026-06-14T02:50:28.614732911Z [inf]  	at org.apache.catalina.core.ContainerBase$StartChild.call(ContainerBase.java:1162) ~[tomcat-embed-core-11.0.18.jar!/:na]
2026-06-14T02:50:28.614736072Z [inf]  	at org.apache.catalina.core.ContainerBase$StartChild.call(ContainerBase.java:1158) ~[tomcat-embed-core-11.0.18.jar!/:na]
2026-06-14T02:50:28.614739374Z [inf]  	at java.base/java.util.concurrent.FutureTask.run(FutureTask.java:317) ~[na:na]
2026-06-14T02:50:28.614745802Z [inf]  	at org.apache.tomcat.util.threads.InlineExecutorService.execute(InlineExecutorService.java:81) ~[tomcat-embed-core-11.0.18.jar!/:na]
2026-06-14T02:50:28.614749700Z [inf]  	at java.base/java.util.concurrent.AbstractExecutorService.submit(AbstractExecutorService.java:145) ~[na:na]
2026-06-14T02:50:28.614752866Z [inf]  	at org.apache.catalina.core.ContainerBase.startInternal(ContainerBase.java:714) ~[tomcat-embed-core-11.0.18.jar!/:na]
2026-06-14T02:50:28.614756329Z [inf]  	at org.apache.catalina.core.StandardHost.startInternal(StandardHost.java:780) ~[tomcat-embed-core-11.0.18.jar!/:na]
2026-06-14T02:50:28.614760981Z [inf]  	at org.apache.catalina.util.LifecycleBase.start(LifecycleBase.java:164) ~[tomcat-embed-core-11.0.18.jar!/:na]
2026-06-14T02:50:28.614764272Z [inf]  	at org.apache.catalina.core.ContainerBase$StartChild.call(ContainerBase.java:1162) ~[tomcat-embed-core-11.0.18.jar!/:na]
2026-06-14T02:50:28.614767482Z [inf]  	at org.apache.catalina.core.ContainerBase$StartChild.call(ContainerBase.java:1158) ~[tomcat-embed-core-11.0.18.jar!/:na]
2026-06-14T02:50:28.614771053Z [inf]  	at java.base/java.util.concurrent.FutureTask.run(FutureTask.java:317) ~[na:na]
2026-06-14T02:50:28.614774214Z [inf]  	at org.apache.tomcat.util.threads.InlineExecutorService.execute(InlineExecutorService.java:81) ~[tomcat-embed-core-11.0.18.jar!/:na]
2026-06-14T02:50:28.616335838Z [inf]  	at org.springframework.boot.tomcat.servlet.TomcatServletWebServerFactory.getWebServer(TomcatServletWebServerFactory.java:166) ~[spring-boot-tomcat-4.0.3.jar!/:4.0.3]
2026-06-14T02:50:28.616341289Z [inf]  	at java.base/java.util.concurrent.AbstractExecutorService.submit(AbstractExecutorService.java:145) ~[na:na]
2026-06-14T02:50:28.616344380Z [inf]  	at org.apache.catalina.core.ContainerBase.startInternal(ContainerBase.java:714) ~[tomcat-embed-core-11.0.18.jar!/:na]
2026-06-14T02:50:28.616347792Z [inf]  	at org.apache.catalina.core.StandardEngine.startInternal(StandardEngine.java:201) ~[tomcat-embed-core-11.0.18.jar!/:na]
2026-06-14T02:50:28.616350748Z [inf]  	at org.apache.catalina.util.LifecycleBase.start(LifecycleBase.java:164) ~[tomcat-embed-core-11.0.18.jar!/:na]
2026-06-14T02:50:28.616353626Z [inf]  	at org.apache.catalina.core.StandardService.startInternal(StandardService.java:410) ~[tomcat-embed-core-11.0.18.jar!/:na]
2026-06-14T02:50:28.616356544Z [inf]  	at org.apache.catalina.util.LifecycleBase.start(LifecycleBase.java:164) ~[tomcat-embed-core-11.0.18.jar!/:na]
2026-06-14T02:50:28.616360409Z [inf]  	at org.apache.catalina.core.StandardServer.startInternal(StandardServer.java:864) ~[tomcat-embed-core-11.0.18.jar!/:na]
2026-06-14T02:50:28.616363521Z [inf]  	at org.apache.catalina.util.LifecycleBase.start(LifecycleBase.java:164) ~[tomcat-embed-core-11.0.18.jar!/:na]
2026-06-14T02:50:28.616366547Z [inf]  	at org.apache.catalina.startup.Tomcat.start(Tomcat.java:435) ~[tomcat-embed-core-11.0.18.jar!/:na]
2026-06-14T02:50:28.616369364Z [inf]  	at org.springframework.boot.tomcat.TomcatWebServer.initialize(TomcatWebServer.java:131) ~[spring-boot-tomcat-4.0.3.jar!/:4.0.3]
2026-06-14T02:50:28.616372625Z [inf]  	at org.springframework.boot.tomcat.TomcatWebServer.<init>(TomcatWebServer.java:110) ~[spring-boot-tomcat-4.0.3.jar!/:4.0.3]
2026-06-14T02:50:28.616375496Z [inf]  	at org.springframework.boot.tomcat.servlet.TomcatServletWebServerFactory.getTomcatWebServer(TomcatServletWebServerFactory.java:408) ~[spring-boot-tomcat-4.0.3.jar!/:4.0.3]
2026-06-14T02:50:28.621171538Z [inf]  	at org.springframework.boot.web.server.servlet.context.ServletWebServerApplicationContext.createWebServer(ServletWebServerApplicationContext.java:190) ~[spring-boot-web-server-4.0.3.jar!/:4.0.3]
2026-06-14T02:50:28.621175788Z [inf]  	at org.springframework.boot.web.server.servlet.context.ServletWebServerApplicationContext.onRefresh(ServletWebServerApplicationContext.java:164) ~[spring-boot-web-server-4.0.3.jar!/:4.0.3]
2026-06-14T02:50:28.621180059Z [inf]  	at org.springframework.context.support.AbstractApplicationContext.refresh(AbstractApplicationContext.java:615) ~[spring-context-7.0.5.jar!/:7.0.5]
2026-06-14T02:50:28.621182831Z [inf]  	at org.springframework.boot.web.server.servlet.context.ServletWebServerApplicationContext.refresh(ServletWebServerApplicationContext.java:143) ~[spring-boot-web-server-4.0.3.jar!/:4.0.3]
2026-06-14T02:50:28.621186038Z [inf]  	at org.springframework.boot.SpringApplication.refresh(SpringApplication.java:756) ~[spring-boot-4.0.3.jar!/:4.0.3]
2026-06-14T02:50:28.621188872Z [inf]  	at org.springframework.boot.SpringApplication.refreshContext(SpringApplication.java:445) ~[spring-boot-4.0.3.jar!/:4.0.3]
2026-06-14T02:50:28.621191458Z [inf]  	at org.springframework.boot.SpringApplication.run(SpringApplication.java:321) ~[spring-boot-4.0.3.jar!/:4.0.3]
2026-06-14T02:50:28.621194021Z [inf]  	at org.springframework.boot.SpringApplication.run(SpringApplication.java:1365) ~[spring-boot-4.0.3.jar!/:4.0.3]
2026-06-14T02:50:28.621196607Z [inf]  	at org.springframework.boot.SpringApplication.run(SpringApplication.java:1354) ~[spring-boot-4.0.3.jar!/:4.0.3]
2026-06-14T02:50:28.621199238Z [inf]  	at com.example.demo.DatnBackendApplication.main(DatnBackendApplication.java:13) ~[!/:0.0.1-SNAPSHOT]
2026-06-14T02:50:28.621202442Z [inf]  	at java.base/jdk.internal.reflect.DirectMethodHandleAccessor.invoke(DirectMethodHandleAccessor.java:103) ~[na:na]
2026-06-14T02:50:28.621205135Z [inf]  	at java.base/java.lang.reflect.Method.invoke(Method.java:580) ~[na:na]
2026-06-14T02:50:28.622823294Z [inf]  	at org.springframework.boot.loader.launch.Launcher.launch(Launcher.java:106) ~[datn-backend-0.0.1-SNAPSHOT.jar:0.0.1-SNAPSHOT]
2026-06-14T02:50:28.622828712Z [inf]  	at org.springframework.boot.loader.launch.Launcher.launch(Launcher.java:64) ~[datn-backend-0.0.1-SNAPSHOT.jar:0.0.1-SNAPSHOT]
2026-06-14T02:50:28.622833646Z [inf]  	at org.springframework.boot.loader.launch.JarLauncher.main(JarLauncher.java:40) ~[datn-backend-0.0.1-SNAPSHOT.jar:0.0.1-SNAPSHOT]
2026-06-14T02:50:28.622837249Z [inf]  Caused by: com.mysql.cj.jdbc.exceptions.CommunicationsException: Communications link failure
2026-06-14T02:50:28.622840983Z [inf]  
2026-06-14T02:50:28.622844980Z [inf]  The last packet sent successfully to the server was 0 milliseconds ago. The driver has not received any packets from the server.
2026-06-14T02:50:28.622848338Z [inf]  	at com.mysql.cj.jdbc.exceptions.SQLError.createCommunicationsException(SQLError.java:165) ~[mysql-connector-j-9.6.0.jar!/:9.6.0]
2026-06-14T02:50:28.622851978Z [inf]  	at com.mysql.cj.jdbc.exceptions.SQLExceptionsMapping.translateException(SQLExceptionsMapping.java:55) ~[mysql-connector-j-9.6.0.jar!/:9.6.0]
2026-06-14T02:50:28.622855105Z [inf]  	at com.mysql.cj.jdbc.ConnectionImpl.createNewIO(ConnectionImpl.java:840) ~[mysql-connector-j-9.6.0.jar!/:9.6.0]
2026-06-14T02:50:28.622858449Z [inf]  	at com.mysql.cj.jdbc.ConnectionImpl.<init>(ConnectionImpl.java:416) ~[mysql-connector-j-9.6.0.jar!/:9.6.0]
2026-06-14T02:50:28.622861834Z [inf]  	at com.mysql.cj.jdbc.ConnectionImpl.getInstance(ConnectionImpl.java:237) ~[mysql-connector-j-9.6.0.jar!/:9.6.0]
2026-06-14T02:50:28.622865421Z [inf]  	at com.mysql.cj.jdbc.NonRegisteringDriver.connect(NonRegisteringDriver.java:180) ~[mysql-connector-j-9.6.0.jar!/:9.6.0]
2026-06-14T02:50:28.622868937Z [inf]  	at com.zaxxer.hikari.util.DriverDataSource.getConnection(DriverDataSource.java:144) ~[HikariCP-7.0.2.jar!/:na]
2026-06-14T02:50:28.622873587Z [inf]  	at com.zaxxer.hikari.pool.PoolBase.newConnection(PoolBase.java:373) ~[HikariCP-7.0.2.jar!/:na]
2026-06-14T02:50:28.624813426Z [inf]  	at com.zaxxer.hikari.pool.PoolBase.newPoolEntry(PoolBase.java:210) ~[HikariCP-7.0.2.jar!/:na]
2026-06-14T02:50:28.624820723Z [inf]  	at com.zaxxer.hikari.pool.HikariPool.createPoolEntry(HikariPool.java:488) ~[HikariCP-7.0.2.jar!/:na]
2026-06-14T02:50:28.624827025Z [inf]  	at com.zaxxer.hikari.pool.HikariPool.checkFailFast(HikariPool.java:576) ~[HikariCP-7.0.2.jar!/:na]
2026-06-14T02:50:28.624831227Z [inf]  	at com.zaxxer.hikari.pool.HikariPool.<init>(HikariPool.java:97) ~[HikariCP-7.0.2.jar!/:na]
2026-06-14T02:50:28.624835074Z [inf]  	at com.zaxxer.hikari.HikariDataSource.getConnection(HikariDataSource.java:111) ~[HikariCP-7.0.2.jar!/:na]
2026-06-14T02:50:28.624838991Z [inf]  	at org.hibernate.engine.jdbc.connections.internal.DataSourceConnectionProvider.getConnection(DataSourceConnectionProvider.java:137) ~[hibernate-core-7.2.4.Final.jar!/:7.2.4.Final]
2026-06-14T02:50:28.624843066Z [inf]  	at org.hibernate.engine.jdbc.env.internal.JdbcEnvironmentInitiator$ConnectionProviderJdbcConnectionAccess.obtainConnection(JdbcEnvironmentInitiator.java:508) ~[hibernate-core-7.2.4.Final.jar!/:7.2.4.Final]
2026-06-14T02:50:28.624846867Z [inf]  	at org.hibernate.resource.transaction.backend.jdbc.internal.JdbcIsolationDelegate.delegateWork(JdbcIsolationDelegate.java:48) ~[hibernate-core-7.2.4.Final.jar!/:7.2.4.Final]
2026-06-14T02:50:28.624851823Z [inf]  	... 113 common frames omitted
2026-06-14T02:50:28.624857435Z [inf]  Caused by: com.mysql.cj.exceptions.CJCommunicationsException: Communications link failure
2026-06-14T02:50:28.624861083Z [inf]  
2026-06-14T02:50:28.624866381Z [inf]  The last packet sent successfully to the server was 0 milliseconds ago. The driver has not received any packets from the server.
2026-06-14T02:50:28.624870085Z [inf]  	at java.base/jdk.internal.reflect.DirectConstructorHandleAccessor.newInstance(DirectConstructorHandleAccessor.java:62) ~[na:na]
2026-06-14T02:50:28.624873374Z [inf]  	at java.base/java.lang.reflect.Constructor.newInstanceWithCaller(Constructor.java:502) ~[na:na]
2026-06-14T02:50:28.626052366Z [inf]  	at java.base/java.lang.reflect.Constructor.newInstance(Constructor.java:486) ~[na:na]
2026-06-14T02:50:28.626055717Z [inf]  	at com.mysql.cj.exceptions.ExceptionFactory.createException(ExceptionFactory.java:52) ~[mysql-connector-j-9.6.0.jar!/:9.6.0]
2026-06-14T02:50:28.626058884Z [inf]  	at com.mysql.cj.exceptions.ExceptionFactory.createException(ExceptionFactory.java:95) ~[mysql-connector-j-9.6.0.jar!/:9.6.0]
2026-06-14T02:50:28.626062662Z [inf]  	at com.mysql.cj.exceptions.ExceptionFactory.createException(ExceptionFactory.java:140) ~[mysql-connector-j-9.6.0.jar!/:9.6.0]
2026-06-14T02:50:28.626066387Z [inf]  	at com.mysql.cj.exceptions.ExceptionFactory.createCommunicationsException(ExceptionFactory.java:156) ~[mysql-connector-j-9.6.0.jar!/:9.6.0]
2026-06-14T02:50:28.626070426Z [inf]  	at com.mysql.cj.protocol.a.NativeSocketConnection.connect(NativeSocketConnection.java:79) ~[mysql-connector-j-9.6.0.jar!/:9.6.0]
2026-06-14T02:50:28.626074916Z [inf]  	at com.mysql.cj.NativeSession.connect(NativeSession.java:142) ~[mysql-connector-j-9.6.0.jar!/:9.6.0]
2026-06-14T02:50:28.626078079Z [inf]  	at com.mysql.cj.jdbc.ConnectionImpl.connectOneTryOnly(ConnectionImpl.java:964) ~[mysql-connector-j-9.6.0.jar!/:9.6.0]
2026-06-14T02:50:28.626080928Z [inf]  	at com.mysql.cj.jdbc.ConnectionImpl.createNewIO(ConnectionImpl.java:828) ~[mysql-connector-j-9.6.0.jar!/:9.6.0]
2026-06-14T02:50:28.626083794Z [inf]  	... 126 common frames omitted
2026-06-14T02:50:28.626086728Z [inf]  Caused by: java.net.UnknownHostException: mysql.railway.internal: Name or service not known
2026-06-14T02:50:28.626089623Z [inf]  	at java.base/java.net.Inet6AddressImpl.lookupAllHostAddr(Native Method) ~[na:na]
2026-06-14T02:50:28.626093025Z [inf]  	at java.base/java.net.Inet6AddressImpl.lookupAllHostAddr(Inet6AddressImpl.java:52) ~[na:na]
2026-06-14T02:50:28.626096832Z [inf]  	at java.base/java.net.InetAddress$PlatformResolver.lookupByName(InetAddress.java:1211) ~[na:na]
2026-06-14T02:50:28.627624356Z [inf]  	at java.base/java.net.InetAddress.getAddressesFromNameService(InetAddress.java:1828) ~[na:na]
2026-06-14T02:50:28.627627344Z [inf]  	at java.base/java.net.InetAddress$NameServiceAddresses.get(InetAddress.java:1139) ~[na:na]
2026-06-14T02:50:28.627630490Z [inf]  	at java.base/java.net.InetAddress.getAllByName0(InetAddress.java:1818) ~[na:na]
2026-06-14T02:50:28.627633960Z [inf]  	at java.base/java.net.InetAddress.getAllByName(InetAddress.java:1688) ~[na:na]
2026-06-14T02:50:28.627637929Z [inf]  	at com.mysql.cj.protocol.StandardSocketFactory.connect(StandardSocketFactory.java:121) ~[mysql-connector-j-9.6.0.jar!/:9.6.0]
2026-06-14T02:50:28.627641622Z [inf]  	at com.mysql.cj.protocol.a.NativeSocketConnection.connect(NativeSocketConnection.java:53) ~[mysql-connector-j-9.6.0.jar!/:9.6.0]
2026-06-14T02:50:28.627645445Z [inf]  	... 129 common frames omitted
2026-06-14T02:50:28.627648756Z [inf]  
2026-06-14T02:50:28.627652038Z [inf]  2026-06-14T02:50:28.609Z  WARN 1 --- [datn-backend] [           main] org.hibernate.orm.deprecation            : HHH90000025: MySQLDialect does not need to be specified explicitly using 'hibernate.dialect' (remove the property setting and it will be selected by default)
2026-06-14T02:50:30.777947359Z [inf]  2026-06-14T02:50:30.776Z  WARN 1 --- [datn-backend] [           main] org.hibernate.orm.jdbc.error             : HHH000247: ErrorCode: 0, SQLState: 08S01
2026-06-14T02:50:30.777951936Z [inf]  2026-06-14T02:50:30.776Z  WARN 1 --- [datn-backend] [           main] org.hibernate.orm.jdbc.error             : Communications link failure
2026-06-14T02:50:30.777954814Z [inf]  
2026-06-14T02:50:30.777957787Z [inf]  The last packet sent successfully to the server was 0 milliseconds ago. The driver has not received any packets from the server.
2026-06-14T02:50:30.780985595Z [inf]  2026-06-14T02:50:30.779Z ERROR 1 --- [datn-backend] [           main] j.LocalContainerEntityManagerFactoryBean : Failed to initialize JPA EntityManagerFactory: Unable to build Hibernate SessionFactory  [persistence unit: default] ; nested exception is org.hibernate.exception.JDBCConnectionException: Unable to open JDBC Connection for DDL execution [Communications link failure
2026-06-14T02:50:30.780990147Z [inf]  
2026-06-14T02:50:30.780994059Z [inf]  The last packet sent successfully to the server was 0 milliseconds ago. The driver has not received any packets from the server.] [n/a]
2026-06-14T02:50:30.780998334Z [inf]  2026-06-14T02:50:30.780Z ERROR 1 --- [datn-backend] [           main] t.s.DeferredServletContainerInitializers : Error starting Tomcat context. Exception: org.springframework.beans.factory.UnsatisfiedDependencyException. Message: Error creating bean with name 'jwtAuthFilter' defined in URL [jar:nested:/app/target/datn-backend-0.0.1-SNAPSHOT.jar/!BOOT-INF/classes/!/com/example/demo/security/JwtAuthFilter.class]: Unsatisfied dependency expressed through constructor parameter 1: Error creating bean with name 'userRepository' defined in com.example.demo.repository.UserRepository defined in @EnableJpaRepositories declared on DataJpaRepositoriesRegistrar.EnableJpaRepositoriesConfiguration: Cannot resolve reference to bean 'jpaSharedEM_entityManagerFactory' while setting bean property 'entityManager'
2026-06-14T02:50:30.807216433Z [inf]  2026-06-14T02:50:30.800Z  WARN 1 --- [datn-backend] [           main] ConfigServletWebServerApplicationContext : Exception encountered during context initialization - cancelling refresh attempt: org.springframework.context.ApplicationContextException: Unable to start web server
2026-06-14T02:50:30.821764016Z [inf]  	at org.springframework.boot.SpringApplication.run(SpringApplication.java:1354) ~[spring-boot-4.0.3.jar!/:4.0.3]
2026-06-14T02:50:30.821770802Z [inf]  	at com.example.demo.DatnBackendApplication.main(DatnBackendApplication.java:13) ~[!/:0.0.1-SNAPSHOT]
2026-06-14T02:50:30.821774832Z [inf]  	at java.base/jdk.internal.reflect.DirectMethodHandleAccessor.invoke(DirectMethodHandleAccessor.java:103) ~[na:na]
2026-06-14T02:50:30.821785953Z [inf]  2026-06-14T02:50:30.816Z ERROR 1 --- [datn-backend] [           main] o.s.boot.SpringApplication               : Application run failed
2026-06-14T02:50:30.821789067Z [inf]  
2026-06-14T02:50:30.821792395Z [inf]  org.springframework.context.ApplicationContextException: Unable to start web server
2026-06-14T02:50:30.821795682Z [inf]  	at org.springframework.boot.web.server.servlet.context.ServletWebServerApplicationContext.onRefresh(ServletWebServerApplicationContext.java:167) ~[spring-boot-web-server-4.0.3.jar!/:4.0.3]
2026-06-14T02:50:30.821798795Z [inf]  	at org.springframework.context.support.AbstractApplicationContext.refresh(AbstractApplicationContext.java:615) ~[spring-context-7.0.5.jar!/:7.0.5]
2026-06-14T02:50:30.821801785Z [inf]  	at org.springframework.boot.web.server.servlet.context.ServletWebServerApplicationContext.refresh(ServletWebServerApplicationContext.java:143) ~[spring-boot-web-server-4.0.3.jar!/:4.0.3]
2026-06-14T02:50:30.821804775Z [inf]  	at org.springframework.boot.SpringApplication.refresh(SpringApplication.java:756) ~[spring-boot-4.0.3.jar!/:4.0.3]
2026-06-14T02:50:30.821807679Z [inf]  	at org.springframework.boot.SpringApplication.refreshContext(SpringApplication.java:445) ~[spring-boot-4.0.3.jar!/:4.0.3]
2026-06-14T02:50:30.821810513Z [inf]  	at org.springframework.boot.SpringApplication.run(SpringApplication.java:321) ~[spring-boot-4.0.3.jar!/:4.0.3]
2026-06-14T02:50:30.821813503Z [inf]  	at org.springframework.boot.SpringApplication.run(SpringApplication.java:1365) ~[spring-boot-4.0.3.jar!/:4.0.3]
2026-06-14T02:50:30.823403096Z [inf]  	at org.springframework.boot.web.server.servlet.context.ServletWebServerApplicationContext.onRefresh(ServletWebServerApplicationContext.java:164) ~[spring-boot-web-server-4.0.3.jar!/:4.0.3]
2026-06-14T02:50:30.823410163Z [inf]  	... 13 common frames omitted
2026-06-14T02:50:30.823410580Z [inf]  	at java.base/java.lang.reflect.Method.invoke(Method.java:580) ~[na:na]
2026-06-14T02:50:30.823415536Z [inf]  	at org.springframework.boot.loader.launch.Launcher.launch(Launcher.java:106) ~[datn-backend-0.0.1-SNAPSHOT.jar:0.0.1-SNAPSHOT]
2026-06-14T02:50:30.823418465Z [inf]  	at org.springframework.boot.loader.launch.Launcher.launch(Launcher.java:64) ~[datn-backend-0.0.1-SNAPSHOT.jar:0.0.1-SNAPSHOT]
2026-06-14T02:50:30.823422460Z [inf]  	at org.springframework.boot.loader.launch.JarLauncher.main(JarLauncher.java:40) ~[datn-backend-0.0.1-SNAPSHOT.jar:0.0.1-SNAPSHOT]
2026-06-14T02:50:30.823425168Z [inf]  Caused by: org.springframework.boot.web.server.WebServerException: Unable to start embedded Tomcat
2026-06-14T02:50:30.823428312Z [inf]  	at org.springframework.boot.tomcat.TomcatWebServer.initialize(TomcatWebServer.java:150) ~[spring-boot-tomcat-4.0.3.jar!/:4.0.3]
2026-06-14T02:50:30.823431479Z [inf]  	at org.springframework.boot.tomcat.TomcatWebServer.<init>(TomcatWebServer.java:110) ~[spring-boot-tomcat-4.0.3.jar!/:4.0.3]
2026-06-14T02:50:30.823434474Z [inf]  	at org.springframework.boot.tomcat.servlet.TomcatServletWebServerFactory.getTomcatWebServer(TomcatServletWebServerFactory.java:408) ~[spring-boot-tomcat-4.0.3.jar!/:4.0.3]
2026-06-14T02:50:30.823437274Z [inf]  	at org.springframework.boot.tomcat.servlet.TomcatServletWebServerFactory.getWebServer(TomcatServletWebServerFactory.java:166) ~[spring-boot-tomcat-4.0.3.jar!/:4.0.3]
2026-06-14T02:50:30.823439883Z [inf]  	at org.springframework.boot.web.server.servlet.context.ServletWebServerApplicationContext.createWebServer(ServletWebServerApplicationContext.java:190) ~[spring-boot-web-server-4.0.3.jar!/:4.0.3]
2026-06-14T02:50:30.825121357Z [inf]  Caused by: org.springframework.beans.factory.UnsatisfiedDependencyException: Error creating bean with name 'jwtAuthFilter' defined in URL [jar:nested:/app/target/datn-backend-0.0.1-SNAPSHOT.jar/!BOOT-INF/classes/!/com/example/demo/security/JwtAuthFilter.class]: Unsatisfied dependency expressed through constructor parameter 1: Error creating bean with name 'userRepository' defined in com.example.demo.repository.UserRepository defined in @EnableJpaRepositories declared on DataJpaRepositoriesRegistrar.EnableJpaRepositoriesConfiguration: Cannot resolve reference to bean 'jpaSharedEM_entityManagerFactory' while setting bean property 'entityManager'
2026-06-14T02:50:30.825124780Z [inf]  	at org.springframework.beans.factory.support.ConstructorResolver.createArgumentArray(ConstructorResolver.java:804) ~[spring-beans-7.0.5.jar!/:7.0.5]
2026-06-14T02:50:30.825129646Z [inf]  	at org.springframework.beans.factory.support.ConstructorResolver.autowireConstructor(ConstructorResolver.java:240) ~[spring-beans-7.0.5.jar!/:7.0.5]
2026-06-14T02:50:30.825135721Z [inf]  	at org.springframework.beans.factory.support.AbstractAutowireCapableBeanFactory.autowireConstructor(AbstractAutowireCapableBeanFactory.java:1382) ~[spring-beans-7.0.5.jar!/:7.0.5]
2026-06-14T02:50:30.825139308Z [inf]  	at org.springframework.beans.factory.support.AbstractAutowireCapableBeanFactory.createBeanInstance(AbstractAutowireCapableBeanFactory.java:1221) ~[spring-beans-7.0.5.jar!/:7.0.5]
2026-06-14T02:50:30.825143040Z [inf]  	at org.springframework.beans.factory.support.AbstractAutowireCapableBeanFactory.doCreateBean(AbstractAutowireCapableBeanFactory.java:565) ~[spring-beans-7.0.5.jar!/:7.0.5]
2026-06-14T02:50:30.825145764Z [inf]  	at org.springframework.beans.factory.support.AbstractAutowireCapableBeanFactory.createBean(AbstractAutowireCapableBeanFactory.java:525) ~[spring-beans-7.0.5.jar!/:7.0.5]
2026-06-14T02:50:30.825148589Z [inf]  	at org.springframework.beans.factory.support.AbstractBeanFactory.lambda$doGetBean$0(AbstractBeanFactory.java:333) ~[spring-beans-7.0.5.jar!/:7.0.5]
2026-06-14T02:50:30.826824645Z [inf]  	at org.springframework.beans.factory.support.DefaultSingletonBeanRegistry.getSingleton(DefaultSingletonBeanRegistry.java:371) ~[spring-beans-7.0.5.jar!/:7.0.5]
2026-06-14T02:50:30.826828288Z [inf]  	at org.springframework.beans.factory.support.AbstractBeanFactory.doGetBean(AbstractBeanFactory.java:331) ~[spring-beans-7.0.5.jar!/:7.0.5]
2026-06-14T02:50:30.826831177Z [inf]  	at org.springframework.beans.factory.support.AbstractBeanFactory.getBean(AbstractBeanFactory.java:201) ~[spring-beans-7.0.5.jar!/:7.0.5]
2026-06-14T02:50:30.826833964Z [inf]  	at org.springframework.boot.web.servlet.ServletContextInitializerBeans.getOrderedBeansOfType(ServletContextInitializerBeans.java:231) ~[spring-boot-4.0.3.jar!/:4.0.3]
2026-06-14T02:50:30.826836564Z [inf]  	at org.springframework.boot.web.servlet.ServletContextInitializerBeans.addAsRegistrationBean(ServletContextInitializerBeans.java:185) ~[spring-boot-4.0.3.jar!/:4.0.3]
2026-06-14T02:50:30.826839298Z [inf]  	at org.springframework.boot.web.servlet.ServletContextInitializerBeans.addAsRegistrationBean(ServletContextInitializerBeans.java:180) ~[spring-boot-4.0.3.jar!/:4.0.3]
2026-06-14T02:50:30.826842087Z [inf]  	at org.springframework.boot.web.servlet.ServletContextInitializerBeans.addAdaptableBeans(ServletContextInitializerBeans.java:165) ~[spring-boot-4.0.3.jar!/:4.0.3]
2026-06-14T02:50:30.826844722Z [inf]  	at org.springframework.boot.web.servlet.ServletContextInitializerBeans.<init>(ServletContextInitializerBeans.java:97) ~[spring-boot-4.0.3.jar!/:4.0.3]
2026-06-14T02:50:30.826847602Z [inf]  	at org.springframework.boot.web.context.servlet.WebApplicationContextInitializer.initialize(WebApplicationContextInitializer.java:53) ~[spring-boot-4.0.3.jar!/:4.0.3]
2026-06-14T02:50:30.826850943Z [inf]  	at org.springframework.boot.tomcat.servlet.DeferredServletContainerInitializers.onStartup(DeferredServletContainerInitializers.java:55) ~[spring-boot-tomcat-4.0.3.jar!/:4.0.3]
2026-06-14T02:50:30.826853546Z [inf]  	at org.apache.catalina.core.StandardContext.startInternal(StandardContext.java:4416) ~[tomcat-embed-core-11.0.18.jar!/:na]
2026-06-14T02:50:30.828502458Z [inf]  	at org.apache.catalina.util.LifecycleBase.start(LifecycleBase.java:164) ~[tomcat-embed-core-11.0.18.jar!/:na]
2026-06-14T02:50:30.828506081Z [inf]  	at org.apache.catalina.core.ContainerBase$StartChild.call(ContainerBase.java:1162) ~[tomcat-embed-core-11.0.18.jar!/:na]
2026-06-14T02:50:30.828509703Z [inf]  	at org.apache.catalina.core.ContainerBase$StartChild.call(ContainerBase.java:1158) ~[tomcat-embed-core-11.0.18.jar!/:na]
2026-06-14T02:50:30.828513850Z [inf]  	at java.base/java.util.concurrent.FutureTask.run(FutureTask.java:317) ~[na:na]
2026-06-14T02:50:30.828517626Z [inf]  	at org.apache.tomcat.util.threads.InlineExecutorService.execute(InlineExecutorService.java:81) ~[tomcat-embed-core-11.0.18.jar!/:na]
2026-06-14T02:50:30.828521513Z [inf]  	at java.base/java.util.concurrent.AbstractExecutorService.submit(AbstractExecutorService.java:145) ~[na:na]
2026-06-14T02:50:30.828524553Z [inf]  	at org.apache.catalina.core.ContainerBase.startInternal(ContainerBase.java:714) ~[tomcat-embed-core-11.0.18.jar!/:na]
2026-06-14T02:50:30.828528024Z [inf]  	at org.apache.catalina.core.StandardHost.startInternal(StandardHost.java:780) ~[tomcat-embed-core-11.0.18.jar!/:na]
2026-06-14T02:50:30.828531135Z [inf]  	at org.apache.catalina.util.LifecycleBase.start(LifecycleBase.java:164) ~[tomcat-embed-core-11.0.18.jar!/:na]
2026-06-14T02:50:30.828534190Z [inf]  	at org.apache.catalina.core.ContainerBase$StartChild.call(ContainerBase.java:1162) ~[tomcat-embed-core-11.0.18.jar!/:na]
2026-06-14T02:50:30.828537138Z [inf]  	at org.apache.catalina.core.ContainerBase$StartChild.call(ContainerBase.java:1158) ~[tomcat-embed-core-11.0.18.jar!/:na]
2026-06-14T02:50:30.828540314Z [inf]  	at java.base/java.util.concurrent.FutureTask.run(FutureTask.java:317) ~[na:na]
2026-06-14T02:50:30.828543483Z [inf]  	at org.apache.tomcat.util.threads.InlineExecutorService.execute(InlineExecutorService.java:81) ~[tomcat-embed-core-11.0.18.jar!/:na]
2026-06-14T02:50:30.830189847Z [inf]  	at java.base/java.util.concurrent.AbstractExecutorService.submit(AbstractExecutorService.java:145) ~[na:na]
2026-06-14T02:50:30.830194588Z [inf]  	at org.apache.catalina.core.ContainerBase.startInternal(ContainerBase.java:714) ~[tomcat-embed-core-11.0.18.jar!/:na]
2026-06-14T02:50:30.830198611Z [inf]  	at org.apache.catalina.core.StandardEngine.startInternal(StandardEngine.java:201) ~[tomcat-embed-core-11.0.18.jar!/:na]
2026-06-14T02:50:30.830202680Z [inf]  	at org.apache.catalina.util.LifecycleBase.start(LifecycleBase.java:164) ~[tomcat-embed-core-11.0.18.jar!/:na]
2026-06-14T02:50:30.830206177Z [inf]  	at org.apache.catalina.core.StandardService.startInternal(StandardService.java:410) ~[tomcat-embed-core-11.0.18.jar!/:na]
2026-06-14T02:50:30.830209639Z [inf]  	at org.apache.catalina.util.LifecycleBase.start(LifecycleBase.java:164) ~[tomcat-embed-core-11.0.18.jar!/:na]
2026-06-14T02:50:30.830212894Z [inf]  	at org.apache.catalina.core.StandardServer.startInternal(StandardServer.java:864) ~[tomcat-embed-core-11.0.18.jar!/:na]
2026-06-14T02:50:30.830215892Z [inf]  	at org.apache.catalina.util.LifecycleBase.start(LifecycleBase.java:164) ~[tomcat-embed-core-11.0.18.jar!/:na]
2026-06-14T02:50:30.830219119Z [inf]  	at org.apache.catalina.startup.Tomcat.start(Tomcat.java:435) ~[tomcat-embed-core-11.0.18.jar!/:na]
2026-06-14T02:50:30.830222652Z [inf]  	at org.springframework.boot.tomcat.TomcatWebServer.initialize(TomcatWebServer.java:131) ~[spring-boot-tomcat-4.0.3.jar!/:4.0.3]
2026-06-14T02:50:30.830226537Z [inf]  	... 18 common frames omitted
2026-06-14T02:50:30.830230359Z [inf]  Caused by: org.springframework.beans.factory.BeanCreationException: Error creating bean with name 'userRepository' defined in com.example.demo.repository.UserRepository defined in @EnableJpaRepositories declared on DataJpaRepositoriesRegistrar.EnableJpaRepositoriesConfiguration: Cannot resolve reference to bean 'jpaSharedEM_entityManagerFactory' while setting bean property 'entityManager'
2026-06-14T02:50:30.831921546Z [inf]  	at org.springframework.beans.factory.support.BeanDefinitionValueResolver.resolveReference(BeanDefinitionValueResolver.java:377) ~[spring-beans-7.0.5.jar!/:7.0.5]
2026-06-14T02:50:30.831925590Z [inf]  	at org.springframework.beans.factory.support.BeanDefinitionValueResolver.resolveValueIfNecessary(BeanDefinitionValueResolver.java:135) ~[spring-beans-7.0.5.jar!/:7.0.5]
2026-06-14T02:50:30.831928693Z [inf]  	at org.springframework.beans.factory.support.AbstractAutowireCapableBeanFactory.applyPropertyValues(AbstractAutowireCapableBeanFactory.java:1712) ~[spring-beans-7.0.5.jar!/:7.0.5]
2026-06-14T02:50:30.831931885Z [inf]  	at org.springframework.beans.factory.support.AbstractAutowireCapableBeanFactory.populateBean(AbstractAutowireCapableBeanFactory.java:1461) ~[spring-beans-7.0.5.jar!/:7.0.5]
2026-06-14T02:50:30.831935410Z [inf]  	at org.springframework.beans.factory.support.AbstractAutowireCapableBeanFactory.doCreateBean(AbstractAutowireCapableBeanFactory.java:602) ~[spring-beans-7.0.5.jar!/:7.0.5]
2026-06-14T02:50:30.831938744Z [inf]  	at org.springframework.beans.factory.support.AbstractAutowireCapableBeanFactory.createBean(AbstractAutowireCapableBeanFactory.java:525) ~[spring-beans-7.0.5.jar!/:7.0.5]
2026-06-14T02:50:30.831941752Z [inf]  	at org.springframework.beans.factory.support.AbstractBeanFactory.lambda$doGetBean$0(AbstractBeanFactory.java:333) ~[spring-beans-7.0.5.jar!/:7.0.5]
2026-06-14T02:50:30.831944691Z [inf]  	at org.springframework.beans.factory.support.DefaultSingletonBeanRegistry.getSingleton(DefaultSingletonBeanRegistry.java:371) ~[spring-beans-7.0.5.jar!/:7.0.5]
2026-06-14T02:50:30.831947690Z [inf]  	at org.springframework.beans.factory.support.AbstractBeanFactory.doGetBean(AbstractBeanFactory.java:331) ~[spring-beans-7.0.5.jar!/:7.0.5]
2026-06-14T02:50:30.831950982Z [inf]  	at org.springframework.beans.factory.support.AbstractBeanFactory.getBean(AbstractBeanFactory.java:201) ~[spring-beans-7.0.5.jar!/:7.0.5]
2026-06-14T02:50:30.833422663Z [inf]  	at org.springframework.beans.factory.config.DependencyDescriptor.resolveCandidate(DependencyDescriptor.java:229) ~[spring-beans-7.0.5.jar!/:7.0.5]
2026-06-14T02:50:30.833427740Z [inf]  	at org.springframework.beans.factory.support.DefaultListableBeanFactory.doResolveDependency(DefaultListableBeanFactory.java:1762) ~[spring-beans-7.0.5.jar!/:7.0.5]
2026-06-14T02:50:30.833431033Z [inf]  	at org.springframework.beans.factory.support.DefaultListableBeanFactory.resolveDependency(DefaultListableBeanFactory.java:1651) ~[spring-beans-7.0.5.jar!/:7.0.5]
2026-06-14T02:50:30.833433704Z [inf]  	at org.springframework.beans.factory.support.ConstructorResolver.resolveAutowiredArgument(ConstructorResolver.java:912) ~[spring-beans-7.0.5.jar!/:7.0.5]
2026-06-14T02:50:30.833436410Z [inf]  	at org.springframework.beans.factory.support.ConstructorResolver.createArgumentArray(ConstructorResolver.java:791) ~[spring-beans-7.0.5.jar!/:7.0.5]
2026-06-14T02:50:30.833439853Z [inf]  	... 58 common frames omitted
2026-06-14T02:50:30.833443120Z [inf]  Caused by: org.springframework.beans.factory.BeanCreationException: Error creating bean with name 'jpaSharedEM_entityManagerFactory': Cannot resolve reference to bean 'entityManagerFactory' while setting constructor argument
2026-06-14T02:50:30.833445821Z [inf]  	at org.springframework.beans.factory.support.BeanDefinitionValueResolver.resolveReference(BeanDefinitionValueResolver.java:377) ~[spring-beans-7.0.5.jar!/:7.0.5]
2026-06-14T02:50:30.833448439Z [inf]  	at org.springframework.beans.factory.support.BeanDefinitionValueResolver.resolveValueIfNecessary(BeanDefinitionValueResolver.java:135) ~[spring-beans-7.0.5.jar!/:7.0.5]
2026-06-14T02:50:30.833451301Z [inf]  	at org.springframework.beans.factory.support.ConstructorResolver.resolveConstructorArguments(ConstructorResolver.java:691) ~[spring-beans-7.0.5.jar!/:7.0.5]
2026-06-14T02:50:30.833454296Z [inf]  	at org.springframework.beans.factory.support.ConstructorResolver.instantiateUsingFactoryMethod(ConstructorResolver.java:513) ~[spring-beans-7.0.5.jar!/:7.0.5]
2026-06-14T02:50:30.835252617Z [inf]  	at org.springframework.beans.factory.support.BeanDefinitionValueResolver.resolveReference(BeanDefinitionValueResolver.java:356) ~[spring-beans-7.0.5.jar!/:7.0.5]
2026-06-14T02:50:30.835258104Z [inf]  	... 72 common frames omitted
2026-06-14T02:50:30.835262230Z [inf]  Caused by: org.springframework.beans.factory.BeanCreationException: Error creating bean with name 'entityManagerFactory' defined in class path resource [org/springframework/boot/hibernate/autoconfigure/HibernateJpaConfiguration.class]: Unable to build Hibernate SessionFactory  [persistence unit: default] ; nested exception is org.hibernate.exception.JDBCConnectionException: Unable to open JDBC Connection for DDL execution [Communications link failure
2026-06-14T02:50:30.835270320Z [inf]  	at org.springframework.beans.factory.support.AbstractAutowireCapableBeanFactory.instantiateUsingFactoryMethod(AbstractAutowireCapableBeanFactory.java:1362) ~[spring-beans-7.0.5.jar!/:7.0.5]
2026-06-14T02:50:30.835275993Z [inf]  	at org.springframework.beans.factory.support.AbstractAutowireCapableBeanFactory.createBeanInstance(AbstractAutowireCapableBeanFactory.java:1194) ~[spring-beans-7.0.5.jar!/:7.0.5]
2026-06-14T02:50:30.835279154Z [inf]  	at org.springframework.beans.factory.support.AbstractAutowireCapableBeanFactory.doCreateBean(AbstractAutowireCapableBeanFactory.java:565) ~[spring-beans-7.0.5.jar!/:7.0.5]
2026-06-14T02:50:30.835282758Z [inf]  	at org.springframework.beans.factory.support.AbstractAutowireCapableBeanFactory.createBean(AbstractAutowireCapableBeanFactory.java:525) ~[spring-beans-7.0.5.jar!/:7.0.5]
2026-06-14T02:50:30.835285495Z [inf]  	at org.springframework.beans.factory.support.AbstractBeanFactory.lambda$doGetBean$0(AbstractBeanFactory.java:333) ~[spring-beans-7.0.5.jar!/:7.0.5]
2026-06-14T02:50:30.835288238Z [inf]  	at org.springframework.beans.factory.support.DefaultSingletonBeanRegistry.getSingleton(DefaultSingletonBeanRegistry.java:371) ~[spring-beans-7.0.5.jar!/:7.0.5]
2026-06-14T02:50:30.835290990Z [inf]  	at org.springframework.beans.factory.support.AbstractBeanFactory.doGetBean(AbstractBeanFactory.java:331) ~[spring-beans-7.0.5.jar!/:7.0.5]
2026-06-14T02:50:30.835293896Z [inf]  	at org.springframework.beans.factory.support.AbstractBeanFactory.getBean(AbstractBeanFactory.java:201) ~[spring-beans-7.0.5.jar!/:7.0.5]
2026-06-14T02:50:30.836897695Z [inf]  
2026-06-14T02:50:30.836902659Z [inf]  The last packet sent successfully to the server was 0 milliseconds ago. The driver has not received any packets from the server.] [n/a]
2026-06-14T02:50:30.836906778Z [inf]  	at org.springframework.beans.factory.support.AbstractAutowireCapableBeanFactory.initializeBean(AbstractAutowireCapableBeanFactory.java:1817) ~[spring-beans-7.0.5.jar!/:7.0.5]
2026-06-14T02:50:30.836910404Z [inf]  	at org.springframework.beans.factory.support.AbstractAutowireCapableBeanFactory.doCreateBean(AbstractAutowireCapableBeanFactory.java:603) ~[spring-beans-7.0.5.jar!/:7.0.5]
2026-06-14T02:50:30.836913909Z [inf]  	at org.springframework.beans.factory.support.AbstractAutowireCapableBeanFactory.createBean(AbstractAutowireCapableBeanFactory.java:525) ~[spring-beans-7.0.5.jar!/:7.0.5]
2026-06-14T02:50:30.836917284Z [inf]  	at org.springframework.beans.factory.support.AbstractBeanFactory.lambda$doGetBean$0(AbstractBeanFactory.java:333) ~[spring-beans-7.0.5.jar!/:7.0.5]
2026-06-14T02:50:30.836921000Z [inf]  	at org.springframework.beans.factory.support.DefaultSingletonBeanRegistry.getSingleton(DefaultSingletonBeanRegistry.java:371) ~[spring-beans-7.0.5.jar!/:7.0.5]
2026-06-14T02:50:30.836924222Z [inf]  	at org.springframework.beans.factory.support.AbstractBeanFactory.doGetBean(AbstractBeanFactory.java:331) ~[spring-beans-7.0.5.jar!/:7.0.5]
2026-06-14T02:50:30.836928006Z [inf]  	at org.springframework.beans.factory.support.AbstractBeanFactory.getBean(AbstractBeanFactory.java:196) ~[spring-beans-7.0.5.jar!/:7.0.5]
2026-06-14T02:50:30.836931527Z [inf]  	at org.springframework.beans.factory.support.BeanDefinitionValueResolver.resolveReference(BeanDefinitionValueResolver.java:365) ~[spring-beans-7.0.5.jar!/:7.0.5]
2026-06-14T02:50:30.836935038Z [inf]  	... 84 common frames omitted
2026-06-14T02:50:30.836938952Z [inf]  Caused by: jakarta.persistence.PersistenceException: Unable to build Hibernate SessionFactory  [persistence unit: default] ; nested exception is org.hibernate.exception.JDBCConnectionException: Unable to open JDBC Connection for DDL execution [Communications link failure
2026-06-14T02:50:30.838917768Z [inf]  	at org.hibernate.exception.internal.StandardSQLExceptionConverter.convert(StandardSQLExceptionConverter.java:34) ~[hibernate-core-7.2.4.Final.jar!/:7.2.4.Final]
2026-06-14T02:50:30.838925466Z [inf]  
2026-06-14T02:50:30.838931585Z [inf]  The last packet sent successfully to the server was 0 milliseconds ago. The driver has not received any packets from the server.] [n/a]
2026-06-14T02:50:30.838935371Z [inf]  	at org.springframework.orm.jpa.AbstractEntityManagerFactoryBean.buildNativeEntityManagerFactory(AbstractEntityManagerFactoryBean.java:448) ~[spring-orm-7.0.5.jar!/:7.0.5]
2026-06-14T02:50:30.838938869Z [inf]  	at org.springframework.orm.jpa.AbstractEntityManagerFactoryBean.afterPropertiesSet(AbstractEntityManagerFactoryBean.java:411) ~[spring-orm-7.0.5.jar!/:7.0.5]
2026-06-14T02:50:30.838942188Z [inf]  	at org.springframework.orm.jpa.LocalContainerEntityManagerFactoryBean.afterPropertiesSet(LocalContainerEntityManagerFactoryBean.java:419) ~[spring-orm-7.0.5.jar!/:7.0.5]
2026-06-14T02:50:30.838947361Z [inf]  	at org.springframework.beans.factory.support.AbstractAutowireCapableBeanFactory.invokeInitMethods(AbstractAutowireCapableBeanFactory.java:1864) ~[spring-beans-7.0.5.jar!/:7.0.5]
2026-06-14T02:50:30.838951104Z [inf]  	at org.springframework.beans.factory.support.AbstractAutowireCapableBeanFactory.initializeBean(AbstractAutowireCapableBeanFactory.java:1813) ~[spring-beans-7.0.5.jar!/:7.0.5]
2026-06-14T02:50:30.838954742Z [inf]  	... 91 common frames omitted
2026-06-14T02:50:30.838958384Z [inf]  Caused by: org.hibernate.exception.JDBCConnectionException: Unable to open JDBC Connection for DDL execution [Communications link failure
2026-06-14T02:50:30.838963631Z [inf]  
2026-06-14T02:50:30.838967186Z [inf]  The last packet sent successfully to the server was 0 milliseconds ago. The driver has not received any packets from the server.] [n/a]
2026-06-14T02:50:30.838971951Z [inf]  	at org.hibernate.exception.internal.SQLStateConversionDelegate.convert(SQLStateConversionDelegate.java:80) ~[hibernate-core-7.2.4.Final.jar!/:7.2.4.Final]
2026-06-14T02:50:30.840578093Z [inf]  	at org.hibernate.engine.jdbc.spi.SqlExceptionHelper.convert(SqlExceptionHelper.java:115) ~[hibernate-core-7.2.4.Final.jar!/:7.2.4.Final]
2026-06-14T02:50:30.840584563Z [inf]  	at org.hibernate.engine.jdbc.spi.SqlExceptionHelper.convert(SqlExceptionHelper.java:101) ~[hibernate-core-7.2.4.Final.jar!/:7.2.4.Final]
2026-06-14T02:50:30.840588099Z [inf]  	at org.hibernate.resource.transaction.backend.jdbc.internal.DdlTransactionIsolatorNonJtaImpl.getIsolatedConnection(DdlTransactionIsolatorNonJtaImpl.java:71) ~[hibernate-core-7.2.4.Final.jar!/:7.2.4.Final]
2026-06-14T02:50:30.840591862Z [inf]  	at org.hibernate.resource.transaction.backend.jdbc.internal.DdlTransactionIsolatorNonJtaImpl.getIsolatedConnection(DdlTransactionIsolatorNonJtaImpl.java:37) ~[hibernate-core-7.2.4.Final.jar!/:7.2.4.Final]
2026-06-14T02:50:30.840595457Z [inf]  	at org.hibernate.tool.schema.internal.exec.ImprovedExtractionContextImpl.getJdbcConnection(ImprovedExtractionContextImpl.java:61) ~[hibernate-core-7.2.4.Final.jar!/:7.2.4.Final]
2026-06-14T02:50:30.840600079Z [inf]  	at org.hibernate.tool.schema.internal.exec.ImprovedExtractionContextImpl.getJdbcDatabaseMetaData(ImprovedExtractionContextImpl.java:68) ~[hibernate-core-7.2.4.Final.jar!/:7.2.4.Final]
2026-06-14T02:50:30.840603708Z [inf]  	at org.hibernate.tool.schema.extract.internal.InformationExtractorJdbcDatabaseMetaDataImpl.getJdbcDatabaseMetaData(InformationExtractorJdbcDatabaseMetaDataImpl.java:38) ~[hibernate-core-7.2.4.Final.jar!/:7.2.4.Final]
2026-06-14T02:50:30.840607340Z [inf]  	at org.hibernate.tool.schema.extract.internal.InformationExtractorJdbcDatabaseMetaDataImpl.processTableResultSet(InformationExtractorJdbcDatabaseMetaDataImpl.java:76) ~[hibernate-core-7.2.4.Final.jar!/:7.2.4.Final]
2026-06-14T02:50:30.840610761Z [inf]  	at org.hibernate.tool.schema.extract.internal.AbstractInformationExtractorImpl.getTables(AbstractInformationExtractorImpl.java:496) ~[hibernate-core-7.2.4.Final.jar!/:7.2.4.Final]
2026-06-14T02:50:30.842511629Z [inf]  	at org.hibernate.tool.schema.extract.internal.DatabaseInformationImpl.getTablesInformation(DatabaseInformationImpl.java:124) ~[hibernate-core-7.2.4.Final.jar!/:7.2.4.Final]
2026-06-14T02:50:30.842514852Z [inf]  	at org.hibernate.tool.schema.internal.GroupedSchemaMigratorImpl.performTablesMigration(GroupedSchemaMigratorImpl.java:72) ~[hibernate-core-7.2.4.Final.jar!/:7.2.4.Final]
2026-06-14T02:50:30.842518414Z [inf]  	at org.hibernate.tool.schema.internal.AbstractSchemaMigrator.performMigration(AbstractSchemaMigrator.java:220) ~[hibernate-core-7.2.4.Final.jar!/:7.2.4.Final]
2026-06-14T02:50:30.842521436Z [inf]  	at org.hibernate.tool.schema.internal.AbstractSchemaMigrator.doMigration(AbstractSchemaMigrator.java:96) ~[hibernate-core-7.2.4.Final.jar!/:7.2.4.Final]
2026-06-14T02:50:30.842524710Z [inf]  	at org.hibernate.tool.schema.spi.SchemaManagementToolCoordinator.performDatabaseAction(SchemaManagementToolCoordinator.java:269) ~[hibernate-core-7.2.4.Final.jar!/:7.2.4.Final]
2026-06-14T02:50:30.842528454Z [inf]  	at org.hibernate.tool.schema.spi.SchemaManagementToolCoordinator.lambda$process$1(SchemaManagementToolCoordinator.java:101) ~[hibernate-core-7.2.4.Final.jar!/:7.2.4.Final]
2026-06-14T02:50:30.842531936Z [inf]  	at java.base/java.util.HashMap.forEach(HashMap.java:1429) ~[na:na]
2026-06-14T02:50:30.842535388Z [inf]  	at org.hibernate.tool.schema.spi.SchemaManagementToolCoordinator.process(SchemaManagementToolCoordinator.java:100) ~[hibernate-core-7.2.4.Final.jar!/:7.2.4.Final]
2026-06-14T02:50:30.842539011Z [inf]  	at org.hibernate.boot.internal.SessionFactoryObserverForSchemaExport.sessionFactoryCreated(SessionFactoryObserverForSchemaExport.java:35) ~[hibernate-core-7.2.4.Final.jar!/:7.2.4.Final]
2026-06-14T02:50:30.842542145Z [inf]  	at org.hibernate.internal.SessionFactoryObserverChain.sessionFactoryCreated(SessionFactoryObserverChain.java:33) ~[hibernate-core-7.2.4.Final.jar!/:7.2.4.Final]
2026-06-14T02:50:30.842545444Z [inf]  	at org.hibernate.internal.SessionFactoryImpl.<init>(SessionFactoryImpl.java:323) ~[hibernate-core-7.2.4.Final.jar!/:7.2.4.Final]
2026-06-14T02:50:30.844806340Z [inf]  	at org.hibernate.internal.SessionFactoryRegistry.instantiateSessionFactory(SessionFactoryRegistry.java:64) ~[hibernate-core-7.2.4.Final.jar!/:7.2.4.Final]
2026-06-14T02:50:30.844810091Z [inf]  	at org.hibernate.boot.internal.SessionFactoryBuilderImpl.build(SessionFactoryBuilderImpl.java:437) ~[hibernate-core-7.2.4.Final.jar!/:7.2.4.Final]
2026-06-14T02:50:30.844813474Z [inf]  	at org.hibernate.jpa.boot.internal.EntityManagerFactoryBuilderImpl.build(EntityManagerFactoryBuilderImpl.java:1456) ~[hibernate-core-7.2.4.Final.jar!/:7.2.4.Final]
2026-06-14T02:50:30.844816622Z [inf]  	at org.springframework.orm.jpa.vendor.SpringHibernateJpaPersistenceProvider.createContainerEntityManagerFactory(SpringHibernateJpaPersistenceProvider.java:93) ~[spring-orm-7.0.5.jar!/:7.0.5]
2026-06-14T02:50:30.844820475Z [inf]  	at org.springframework.orm.jpa.LocalContainerEntityManagerFactoryBean.createNativeEntityManagerFactory(LocalContainerEntityManagerFactoryBean.java:443) ~[spring-orm-7.0.5.jar!/:7.0.5]
2026-06-14T02:50:30.844823678Z [inf]  	at org.springframework.orm.jpa.AbstractEntityManagerFactoryBean.buildNativeEntityManagerFactory(AbstractEntityManagerFactoryBean.java:436) ~[spring-orm-7.0.5.jar!/:7.0.5]
2026-06-14T02:50:30.844826750Z [inf]  	... 95 common frames omitted
2026-06-14T02:50:30.844830242Z [inf]  Caused by: com.mysql.cj.jdbc.exceptions.CommunicationsException: Communications link failure
2026-06-14T02:50:30.844833525Z [inf]  
2026-06-14T02:50:30.844836769Z [inf]  The last packet sent successfully to the server was 0 milliseconds ago. The driver has not received any packets from the server.
2026-06-14T02:50:30.844839685Z [inf]  	at com.mysql.cj.jdbc.exceptions.SQLError.createCommunicationsException(SQLError.java:165) ~[mysql-connector-j-9.6.0.jar!/:9.6.0]
2026-06-14T02:50:30.844843120Z [inf]  	at com.mysql.cj.jdbc.exceptions.SQLExceptionsMapping.translateException(SQLExceptionsMapping.java:55) ~[mysql-connector-j-9.6.0.jar!/:9.6.0]
2026-06-14T02:50:30.846298569Z [inf]  	at com.mysql.cj.jdbc.ConnectionImpl.createNewIO(ConnectionImpl.java:840) ~[mysql-connector-j-9.6.0.jar!/:9.6.0]
2026-06-14T02:50:30.846303807Z [inf]  	at com.mysql.cj.jdbc.ConnectionImpl.<init>(ConnectionImpl.java:416) ~[mysql-connector-j-9.6.0.jar!/:9.6.0]
2026-06-14T02:50:30.846308701Z [inf]  	at com.mysql.cj.jdbc.ConnectionImpl.getInstance(ConnectionImpl.java:237) ~[mysql-connector-j-9.6.0.jar!/:9.6.0]
2026-06-14T02:50:30.846312019Z [inf]  	at com.mysql.cj.jdbc.NonRegisteringDriver.connect(NonRegisteringDriver.java:180) ~[mysql-connector-j-9.6.0.jar!/:9.6.0]
2026-06-14T02:50:30.846315204Z [inf]  	at com.zaxxer.hikari.util.DriverDataSource.getConnection(DriverDataSource.java:144) ~[HikariCP-7.0.2.jar!/:na]
2026-06-14T02:50:30.846318671Z [inf]  	at com.zaxxer.hikari.pool.PoolBase.newConnection(PoolBase.java:373) ~[HikariCP-7.0.2.jar!/:na]
2026-06-14T02:50:30.846322028Z [inf]  	at com.zaxxer.hikari.pool.PoolBase.newPoolEntry(PoolBase.java:210) ~[HikariCP-7.0.2.jar!/:na]
2026-06-14T02:50:30.846325225Z [inf]  	at com.zaxxer.hikari.pool.HikariPool.createPoolEntry(HikariPool.java:488) ~[HikariCP-7.0.2.jar!/:na]
2026-06-14T02:50:30.846328259Z [inf]  	at com.zaxxer.hikari.pool.HikariPool.checkFailFast(HikariPool.java:576) ~[HikariCP-7.0.2.jar!/:na]
2026-06-14T02:50:30.846331714Z [inf]  	at com.zaxxer.hikari.pool.HikariPool.<init>(HikariPool.java:97) ~[HikariCP-7.0.2.jar!/:na]
2026-06-14T02:50:30.846335655Z [inf]  	at com.zaxxer.hikari.HikariDataSource.getConnection(HikariDataSource.java:111) ~[HikariCP-7.0.2.jar!/:na]
2026-06-14T02:50:30.846338923Z [inf]  	at org.hibernate.engine.jdbc.connections.internal.DataSourceConnectionProvider.getConnection(DataSourceConnectionProvider.java:137) ~[hibernate-core-7.2.4.Final.jar!/:7.2.4.Final]
2026-06-14T02:50:30.846342329Z [inf]  	at org.hibernate.engine.jdbc.env.internal.JdbcEnvironmentInitiator$ConnectionProviderJdbcConnectionAccess.obtainConnection(JdbcEnvironmentInitiator.java:508) ~[hibernate-core-7.2.4.Final.jar!/:7.2.4.Final]
2026-06-14T02:50:30.848352306Z [inf]  	at org.hibernate.resource.transaction.backend.jdbc.internal.DdlTransactionIsolatorNonJtaImpl.getIsolatedConnection(DdlTransactionIsolatorNonJtaImpl.java:44) ~[hibernate-core-7.2.4.Final.jar!/:7.2.4.Final]
2026-06-14T02:50:30.848355110Z [inf]  	... 118 common frames omitted
2026-06-14T02:50:30.848357923Z [inf]  Caused by: com.mysql.cj.exceptions.CJCommunicationsException: Communications link failure
2026-06-14T02:50:30.848361018Z [inf]  
2026-06-14T02:50:30.848363770Z [inf]  The last packet sent successfully to the server was 0 milliseconds ago. The driver has not received any packets from the server.
2026-06-14T02:50:30.848366395Z [inf]  	at java.base/jdk.internal.reflect.DirectConstructorHandleAccessor.newInstance(DirectConstructorHandleAccessor.java:62) ~[na:na]
2026-06-14T02:50:30.848369078Z [inf]  	at java.base/java.lang.reflect.Constructor.newInstanceWithCaller(Constructor.java:502) ~[na:na]
2026-06-14T02:50:30.848371815Z [inf]  	at java.base/java.lang.reflect.Constructor.newInstance(Constructor.java:486) ~[na:na]
2026-06-14T02:50:30.848374497Z [inf]  	at com.mysql.cj.exceptions.ExceptionFactory.createException(ExceptionFactory.java:52) ~[mysql-connector-j-9.6.0.jar!/:9.6.0]
2026-06-14T02:50:30.848377911Z [inf]  	at com.mysql.cj.exceptions.ExceptionFactory.createException(ExceptionFactory.java:95) ~[mysql-connector-j-9.6.0.jar!/:9.6.0]
2026-06-14T02:50:30.848380551Z [inf]  	at com.mysql.cj.exceptions.ExceptionFactory.createException(ExceptionFactory.java:140) ~[mysql-connector-j-9.6.0.jar!/:9.6.0]
2026-06-14T02:50:30.848383033Z [inf]  	at com.mysql.cj.exceptions.ExceptionFactory.createCommunicationsException(ExceptionFactory.java:156) ~[mysql-connector-j-9.6.0.jar!/:9.6.0]
2026-06-14T02:50:30.848385481Z [inf]  	at com.mysql.cj.protocol.a.NativeSocketConnection.connect(NativeSocketConnection.java:79) ~[mysql-connector-j-9.6.0.jar!/:9.6.0]
2026-06-14T02:50:30.848388013Z [inf]  	at com.mysql.cj.NativeSession.connect(NativeSession.java:142) ~[mysql-connector-j-9.6.0.jar!/:9.6.0]
2026-06-14T02:50:30.849919896Z [inf]  	at com.mysql.cj.jdbc.ConnectionImpl.connectOneTryOnly(ConnectionImpl.java:964) ~[mysql-connector-j-9.6.0.jar!/:9.6.0]
2026-06-14T02:50:30.849923068Z [inf]  	at com.mysql.cj.jdbc.ConnectionImpl.createNewIO(ConnectionImpl.java:828) ~[mysql-connector-j-9.6.0.jar!/:9.6.0]
2026-06-14T02:50:30.849926077Z [inf]  	... 131 common frames omitted
2026-06-14T02:50:30.849928588Z [inf]  Caused by: java.net.UnknownHostException: mysql.railway.internal
2026-06-14T02:50:30.849931245Z [inf]  	at java.base/java.net.InetAddress$CachedLookup.get(InetAddress.java:988) ~[na:na]
2026-06-14T02:50:30.849934944Z [inf]  	at java.base/java.net.InetAddress.getAllByName0(InetAddress.java:1818) ~[na:na]
2026-06-14T02:50:30.849937630Z [inf]  	at java.base/java.net.InetAddress.getAllByName(InetAddress.java:1688) ~[na:na]
2026-06-14T02:50:30.849940166Z [inf]  	at com.mysql.cj.protocol.StandardSocketFactory.connect(StandardSocketFactory.java:121) ~[mysql-connector-j-9.6.0.jar!/:9.6.0]
2026-06-14T02:50:30.849942737Z [inf]  	at com.mysql.cj.protocol.a.NativeSocketConnection.connect(NativeSocketConnection.java:53) ~[mysql-connector-j-9.6.0.jar!/:9.6.0]
2026-06-14T02:50:30.849945532Z [inf]  	... 134 common frames omitted
2026-06-14T02:50:30.849948043Z [inf]  
2026-06-14T02:50:33.267510416Z [inf]  ( ( )\___ | '_ | '_| | '_ \/ _` | \ \ \ \
2026-06-14T02:50:33.267513374Z [inf]  
2026-06-14T02:50:33.267519389Z [inf]   \\/  ___)| |_)| | | | | || (_| |  ) ) ) )
2026-06-14T02:50:33.267524769Z [inf]  
2026-06-14T02:50:33.267526791Z [inf]    '  |____| .__|_| |_|_| |_\__, | / / / /
2026-06-14T02:50:33.267531910Z [inf]    .   ____          _            __ _ _
2026-06-14T02:50:33.267533051Z [inf]   =========|_|==============|___/=/_/_/_/
2026-06-14T02:50:33.267536703Z [inf]   /\\ / ___'_ __ _ _(_)_ __  __ _ \ \ \ \
2026-06-14T02:50:33.267540588Z [inf]  
2026-06-14T02:50:33.267546102Z [inf]   :: Spring Boot ::                (v4.0.3)
2026-06-14T02:50:33.333119118Z [inf]  2026-06-14T02:50:33.290Z  INFO 1 --- [datn-backend] [           main] c.example.demo.DatnBackendApplication    : Starting DatnBackendApplication v0.0.1-SNAPSHOT using Java 21.0.2 with PID 1 (/app/target/datn-backend-0.0.1-SNAPSHOT.jar started by root in /app)
2026-06-14T02:50:33.334262736Z [inf]  2026-06-14T02:50:33.333Z  INFO 1 --- [datn-backend] [           main] c.example.demo.DatnBackendApplication    : The following 1 profile is active: "prod"
2026-06-14T02:50:38.331649685Z [inf]  2026-06-14T02:50:38.330Z  WARN 1 --- [datn-backend] [           main] org.hibernate.orm.jdbc.error             : HHH000247: ErrorCode: 0, SQLState: 08S01
2026-06-14T02:50:38.331656691Z [inf]  2026-06-14T02:50:38.331Z  WARN 1 --- [datn-backend] [           main] org.hibernate.orm.jdbc.error             : Communications link failure
2026-06-14T02:50:38.331660237Z [inf]  
2026-06-14T02:50:38.331664453Z [inf]  The last packet sent successfully to the server was 0 milliseconds ago. The driver has not received any packets from the server.
2026-06-14T02:50:38.340749680Z [inf]  2026-06-14T02:50:38.331Z  WARN 1 --- [datn-backend] [           main] org.hibernate.orm.jdbc                   : HHH100046: Could not obtain connection to query JDBC database metadata
2026-06-14T02:50:38.340752657Z [inf]  
2026-06-14T02:50:38.340755901Z [inf]  org.hibernate.exception.JDBCConnectionException: Unable to obtain isolated JDBC connection [Communications link failure
2026-06-14T02:50:38.340759471Z [inf]  
2026-06-14T02:50:38.340763437Z [inf]  The last packet sent successfully to the server was 0 milliseconds ago. The driver has not received any packets from the server.] [n/a]
2026-06-14T02:50:38.340766652Z [inf]  	at org.hibernate.exception.internal.SQLStateConversionDelegate.convert(SQLStateConversionDelegate.java:80) ~[hibernate-core-7.2.4.Final.jar!/:7.2.4.Final]
2026-06-14T02:50:38.340770468Z [inf]  	at org.hibernate.exception.internal.StandardSQLExceptionConverter.convert(StandardSQLExceptionConverter.java:34) ~[hibernate-core-7.2.4.Final.jar!/:7.2.4.Final]
2026-06-14T02:50:38.340774426Z [inf]  	at org.hibernate.engine.jdbc.spi.SqlExceptionHelper.convert(SqlExceptionHelper.java:115) ~[hibernate-core-7.2.4.Final.jar!/:7.2.4.Final]
2026-06-14T02:50:38.340777700Z [inf]  	at org.hibernate.engine.jdbc.spi.SqlExceptionHelper.convert(SqlExceptionHelper.java:101) ~[hibernate-core-7.2.4.Final.jar!/:7.2.4.Final]
2026-06-14T02:50:38.340782496Z [inf]  	at org.hibernate.resource.transaction.backend.jdbc.internal.JdbcIsolationDelegate.delegateWork(JdbcIsolationDelegate.java:51) ~[hibernate-core-7.2.4.Final.jar!/:7.2.4.Final]
2026-06-14T02:50:38.340785795Z [inf]  	at org.hibernate.engine.jdbc.env.internal.JdbcEnvironmentInitiator.getJdbcEnvironmentUsingJdbcMetadata(JdbcEnvironmentInitiator.java:366) ~[hibernate-core-7.2.4.Final.jar!/:7.2.4.Final]
2026-06-14T02:50:38.340788743Z [inf]  	at org.hibernate.engine.jdbc.env.internal.JdbcEnvironmentInitiator.getJdbcEnvironment(JdbcEnvironmentInitiator.java:143) ~[hibernate-core-7.2.4.Final.jar!/:7.2.4.Final]
2026-06-14T02:50:38.342162818Z [inf]  	at org.hibernate.engine.jdbc.env.internal.JdbcEnvironmentInitiator.initiateService(JdbcEnvironmentInitiator.java:120) ~[hibernate-core-7.2.4.Final.jar!/:7.2.4.Final]
2026-06-14T02:50:38.342167329Z [inf]  	at org.hibernate.engine.jdbc.env.internal.JdbcEnvironmentInitiator.initiateService(JdbcEnvironmentInitiator.java:80) ~[hibernate-core-7.2.4.Final.jar!/:7.2.4.Final]
2026-06-14T02:50:38.342170845Z [inf]  	at org.hibernate.boot.registry.internal.StandardServiceRegistryImpl.initiateService(StandardServiceRegistryImpl.java:133) ~[hibernate-core-7.2.4.Final.jar!/:7.2.4.Final]
2026-06-14T02:50:38.342173867Z [inf]  	at org.hibernate.service.internal.AbstractServiceRegistryImpl.createService(AbstractServiceRegistryImpl.java:260) ~[hibernate-core-7.2.4.Final.jar!/:7.2.4.Final]
2026-06-14T02:50:38.342176532Z [inf]  	at org.hibernate.service.internal.AbstractServiceRegistryImpl.initializeService(AbstractServiceRegistryImpl.java:235) ~[hibernate-core-7.2.4.Final.jar!/:7.2.4.Final]
2026-06-14T02:50:38.342180442Z [inf]  	at org.hibernate.service.internal.AbstractServiceRegistryImpl.getService(AbstractServiceRegistryImpl.java:212) ~[hibernate-core-7.2.4.Final.jar!/:7.2.4.Final]
2026-06-14T02:50:38.342183482Z [inf]  	at org.hibernate.boot.model.relational.Database.<init>(Database.java:44) ~[hibernate-core-7.2.4.Final.jar!/:7.2.4.Final]
2026-06-14T02:50:38.342186244Z [inf]  	at org.hibernate.boot.internal.InFlightMetadataCollectorImpl.getDatabase(InFlightMetadataCollectorImpl.java:251) ~[hibernate-core-7.2.4.Final.jar!/:7.2.4.Final]
2026-06-14T02:50:38.342188929Z [inf]  	at org.hibernate.boot.internal.InFlightMetadataCollectorImpl.<init>(InFlightMetadataCollectorImpl.java:203) ~[hibernate-core-7.2.4.Final.jar!/:7.2.4.Final]
2026-06-14T02:50:38.342191996Z [inf]  	at org.hibernate.boot.model.process.spi.MetadataBuildingProcess.complete(MetadataBuildingProcess.java:170) ~[hibernate-core-7.2.4.Final.jar!/:7.2.4.Final]
2026-06-14T02:50:38.342194567Z [inf]  	at org.hibernate.jpa.boot.internal.EntityManagerFactoryBuilderImpl.metadata(EntityManagerFactoryBuilderImpl.java:1392) ~[hibernate-core-7.2.4.Final.jar!/:7.2.4.Final]
2026-06-14T02:50:38.345571319Z [inf]  	at org.hibernate.jpa.boot.internal.EntityManagerFactoryBuilderImpl.populateSessionFactoryBuilder(EntityManagerFactoryBuilderImpl.java:1472) ~[hibernate-core-7.2.4.Final.jar!/:7.2.4.Final]
2026-06-14T02:50:38.345575365Z [inf]  	at org.hibernate.jpa.boot.internal.EntityManagerFactoryBuilderImpl.build(EntityManagerFactoryBuilderImpl.java:1454) ~[hibernate-core-7.2.4.Final.jar!/:7.2.4.Final]
2026-06-14T02:50:38.345578191Z [inf]  	at org.springframework.orm.jpa.vendor.SpringHibernateJpaPersistenceProvider.createContainerEntityManagerFactory(SpringHibernateJpaPersistenceProvider.java:93) ~[spring-orm-7.0.5.jar!/:7.0.5]
2026-06-14T02:50:38.345580801Z [inf]  	at org.springframework.orm.jpa.LocalContainerEntityManagerFactoryBean.createNativeEntityManagerFactory(LocalContainerEntityManagerFactoryBean.java:443) ~[spring-orm-7.0.5.jar!/:7.0.5]
2026-06-14T02:50:38.345583489Z [inf]  	at org.springframework.orm.jpa.AbstractEntityManagerFactoryBean.buildNativeEntityManagerFactory(AbstractEntityManagerFactoryBean.java:436) ~[spring-orm-7.0.5.jar!/:7.0.5]
2026-06-14T02:50:38.345586413Z [inf]  	at org.springframework.orm.jpa.AbstractEntityManagerFactoryBean.afterPropertiesSet(AbstractEntityManagerFactoryBean.java:411) ~[spring-orm-7.0.5.jar!/:7.0.5]
2026-06-14T02:50:38.345590209Z [inf]  	at org.springframework.orm.jpa.LocalContainerEntityManagerFactoryBean.afterPropertiesSet(LocalContainerEntityManagerFactoryBean.java:419) ~[spring-orm-7.0.5.jar!/:7.0.5]
2026-06-14T02:50:38.345593075Z [inf]  	at org.springframework.beans.factory.support.AbstractAutowireCapableBeanFactory.invokeInitMethods(AbstractAutowireCapableBeanFactory.java:1864) ~[spring-beans-7.0.5.jar!/:7.0.5]
2026-06-14T02:50:38.345596838Z [inf]  	at org.springframework.beans.factory.support.AbstractAutowireCapableBeanFactory.initializeBean(AbstractAutowireCapableBeanFactory.java:1813) ~[spring-beans-7.0.5.jar!/:7.0.5]
2026-06-14T02:50:38.345599541Z [inf]  	at org.springframework.beans.factory.support.AbstractAutowireCapableBeanFactory.doCreateBean(AbstractAutowireCapableBeanFactory.java:603) ~[spring-beans-7.0.5.jar!/:7.0.5]
2026-06-14T02:50:38.347356225Z [inf]  	at org.springframework.beans.factory.support.AbstractAutowireCapableBeanFactory.createBean(AbstractAutowireCapableBeanFactory.java:525) ~[spring-beans-7.0.5.jar!/:7.0.5]
2026-06-14T02:50:38.347362437Z [inf]  	at org.springframework.beans.factory.support.AbstractBeanFactory.lambda$doGetBean$0(AbstractBeanFactory.java:333) ~[spring-beans-7.0.5.jar!/:7.0.5]
2026-06-14T02:50:38.347365445Z [inf]  	at org.springframework.beans.factory.support.DefaultSingletonBeanRegistry.getSingleton(DefaultSingletonBeanRegistry.java:371) ~[spring-beans-7.0.5.jar!/:7.0.5]
2026-06-14T02:50:38.347369072Z [inf]  	at org.springframework.beans.factory.support.AbstractBeanFactory.doGetBean(AbstractBeanFactory.java:331) ~[spring-beans-7.0.5.jar!/:7.0.5]
2026-06-14T02:50:38.347371827Z [inf]  	at org.springframework.beans.factory.support.AbstractBeanFactory.getBean(AbstractBeanFactory.java:196) ~[spring-beans-7.0.5.jar!/:7.0.5]
2026-06-14T02:50:38.347374535Z [inf]  	at org.springframework.beans.factory.support.BeanDefinitionValueResolver.resolveReference(BeanDefinitionValueResolver.java:365) ~[spring-beans-7.0.5.jar!/:7.0.5]
2026-06-14T02:50:38.347377510Z [inf]  	at org.springframework.beans.factory.support.BeanDefinitionValueResolver.resolveValueIfNecessary(BeanDefinitionValueResolver.java:135) ~[spring-beans-7.0.5.jar!/:7.0.5]
2026-06-14T02:50:38.347380429Z [inf]  	at org.springframework.beans.factory.support.ConstructorResolver.resolveConstructorArguments(ConstructorResolver.java:691) ~[spring-beans-7.0.5.jar!/:7.0.5]
2026-06-14T02:50:38.347383710Z [inf]  	at org.springframework.beans.factory.support.ConstructorResolver.instantiateUsingFactoryMethod(ConstructorResolver.java:513) ~[spring-beans-7.0.5.jar!/:7.0.5]
2026-06-14T02:50:38.347386411Z [inf]  	at org.springframework.beans.factory.support.AbstractAutowireCapableBeanFactory.instantiateUsingFactoryMethod(AbstractAutowireCapableBeanFactory.java:1362) ~[spring-beans-7.0.5.jar!/:7.0.5]
2026-06-14T02:50:38.347389144Z [inf]  	at org.springframework.beans.factory.support.AbstractAutowireCapableBeanFactory.createBeanInstance(AbstractAutowireCapableBeanFactory.java:1194) ~[spring-beans-7.0.5.jar!/:7.0.5]
2026-06-14T02:50:38.349216191Z [inf]  	at org.springframework.beans.factory.support.AbstractAutowireCapableBeanFactory.doCreateBean(AbstractAutowireCapableBeanFactory.java:565) ~[spring-beans-7.0.5.jar!/:7.0.5]
2026-06-14T02:50:38.349220093Z [inf]  	at org.springframework.beans.factory.support.AbstractAutowireCapableBeanFactory.createBean(AbstractAutowireCapableBeanFactory.java:525) ~[spring-beans-7.0.5.jar!/:7.0.5]
2026-06-14T02:50:38.349223753Z [inf]  	at org.springframework.beans.factory.support.AbstractBeanFactory.lambda$doGetBean$0(AbstractBeanFactory.java:333) ~[spring-beans-7.0.5.jar!/:7.0.5]
2026-06-14T02:50:38.349226734Z [inf]  	at org.springframework.beans.factory.support.DefaultSingletonBeanRegistry.getSingleton(DefaultSingletonBeanRegistry.java:371) ~[spring-beans-7.0.5.jar!/:7.0.5]
2026-06-14T02:50:38.349229767Z [inf]  	at org.springframework.beans.factory.support.AbstractBeanFactory.doGetBean(AbstractBeanFactory.java:331) ~[spring-beans-7.0.5.jar!/:7.0.5]
2026-06-14T02:50:38.349232823Z [inf]  	at org.springframework.beans.factory.support.AbstractBeanFactory.getBean(AbstractBeanFactory.java:201) ~[spring-beans-7.0.5.jar!/:7.0.5]
2026-06-14T02:50:38.349235987Z [inf]  	at org.springframework.beans.factory.support.BeanDefinitionValueResolver.resolveReference(BeanDefinitionValueResolver.java:356) ~[spring-beans-7.0.5.jar!/:7.0.5]
2026-06-14T02:50:38.349238937Z [inf]  	at org.springframework.beans.factory.support.BeanDefinitionValueResolver.resolveValueIfNecessary(BeanDefinitionValueResolver.java:135) ~[spring-beans-7.0.5.jar!/:7.0.5]
2026-06-14T02:50:38.349242697Z [inf]  	at org.springframework.beans.factory.support.AbstractAutowireCapableBeanFactory.applyPropertyValues(AbstractAutowireCapableBeanFactory.java:1712) ~[spring-beans-7.0.5.jar!/:7.0.5]
2026-06-14T02:50:38.349245773Z [inf]  	at org.springframework.beans.factory.support.AbstractAutowireCapableBeanFactory.populateBean(AbstractAutowireCapableBeanFactory.java:1461) ~[spring-beans-7.0.5.jar!/:7.0.5]
2026-06-14T02:50:38.350776006Z [inf]  	at org.springframework.beans.factory.support.AbstractAutowireCapableBeanFactory.doCreateBean(AbstractAutowireCapableBeanFactory.java:602) ~[spring-beans-7.0.5.jar!/:7.0.5]
2026-06-14T02:50:38.350782231Z [inf]  	at org.springframework.beans.factory.support.AbstractAutowireCapableBeanFactory.createBean(AbstractAutowireCapableBeanFactory.java:525) ~[spring-beans-7.0.5.jar!/:7.0.5]
2026-06-14T02:50:38.350785906Z [inf]  	at org.springframework.beans.factory.support.AbstractBeanFactory.lambda$doGetBean$0(AbstractBeanFactory.java:333) ~[spring-beans-7.0.5.jar!/:7.0.5]
2026-06-14T02:50:38.350791084Z [inf]  	at org.springframework.beans.factory.support.DefaultSingletonBeanRegistry.getSingleton(DefaultSingletonBeanRegistry.java:371) ~[spring-beans-7.0.5.jar!/:7.0.5]
2026-06-14T02:50:38.350794552Z [inf]  	at org.springframework.beans.factory.support.AbstractBeanFactory.doGetBean(AbstractBeanFactory.java:331) ~[spring-beans-7.0.5.jar!/:7.0.5]
2026-06-14T02:50:38.350797892Z [inf]  	at org.springframework.beans.factory.support.AbstractBeanFactory.getBean(AbstractBeanFactory.java:201) ~[spring-beans-7.0.5.jar!/:7.0.5]
2026-06-14T02:50:38.350801021Z [inf]  	at org.springframework.beans.factory.config.DependencyDescriptor.resolveCandidate(DependencyDescriptor.java:229) ~[spring-beans-7.0.5.jar!/:7.0.5]
2026-06-14T02:50:38.350803996Z [inf]  	at org.springframework.beans.factory.support.DefaultListableBeanFactory.doResolveDependency(DefaultListableBeanFactory.java:1762) ~[spring-beans-7.0.5.jar!/:7.0.5]
2026-06-14T02:50:38.350807275Z [inf]  	at org.springframework.beans.factory.support.DefaultListableBeanFactory.resolveDependency(DefaultListableBeanFactory.java:1651) ~[spring-beans-7.0.5.jar!/:7.0.5]
2026-06-14T02:50:38.350810226Z [inf]  	at org.springframework.beans.factory.support.ConstructorResolver.resolveAutowiredArgument(ConstructorResolver.java:912) ~[spring-beans-7.0.5.jar!/:7.0.5]
2026-06-14T02:50:38.350814210Z [inf]  	at org.springframework.beans.factory.support.ConstructorResolver.createArgumentArray(ConstructorResolver.java:791) ~[spring-beans-7.0.5.jar!/:7.0.5]
2026-06-14T02:50:38.352386246Z [inf]  	at org.springframework.beans.factory.support.ConstructorResolver.autowireConstructor(ConstructorResolver.java:240) ~[spring-beans-7.0.5.jar!/:7.0.5]
2026-06-14T02:50:38.352390258Z [inf]  	at org.springframework.beans.factory.support.AbstractAutowireCapableBeanFactory.autowireConstructor(AbstractAutowireCapableBeanFactory.java:1382) ~[spring-beans-7.0.5.jar!/:7.0.5]
2026-06-14T02:50:38.352393695Z [inf]  	at org.springframework.beans.factory.support.AbstractAutowireCapableBeanFactory.createBeanInstance(AbstractAutowireCapableBeanFactory.java:1221) ~[spring-beans-7.0.5.jar!/:7.0.5]
2026-06-14T02:50:38.352396695Z [inf]  	at org.springframework.beans.factory.support.AbstractAutowireCapableBeanFactory.doCreateBean(AbstractAutowireCapableBeanFactory.java:565) ~[spring-beans-7.0.5.jar!/:7.0.5]
2026-06-14T02:50:38.352399703Z [inf]  	at org.springframework.beans.factory.support.AbstractAutowireCapableBeanFactory.createBean(AbstractAutowireCapableBeanFactory.java:525) ~[spring-beans-7.0.5.jar!/:7.0.5]
2026-06-14T02:50:38.352402784Z [inf]  	at org.springframework.beans.factory.support.AbstractBeanFactory.lambda$doGetBean$0(AbstractBeanFactory.java:333) ~[spring-beans-7.0.5.jar!/:7.0.5]
2026-06-14T02:50:38.352407156Z [inf]  	at org.springframework.beans.factory.support.DefaultSingletonBeanRegistry.getSingleton(DefaultSingletonBeanRegistry.java:371) ~[spring-beans-7.0.5.jar!/:7.0.5]
2026-06-14T02:50:38.352410123Z [inf]  	at org.springframework.beans.factory.support.AbstractBeanFactory.doGetBean(AbstractBeanFactory.java:331) ~[spring-beans-7.0.5.jar!/:7.0.5]
2026-06-14T02:50:38.352412998Z [inf]  	at org.springframework.beans.factory.support.AbstractBeanFactory.getBean(AbstractBeanFactory.java:201) ~[spring-beans-7.0.5.jar!/:7.0.5]
2026-06-14T02:50:38.352416816Z [inf]  	at org.springframework.boot.web.servlet.ServletContextInitializerBeans.getOrderedBeansOfType(ServletContextInitializerBeans.java:231) ~[spring-boot-4.0.3.jar!/:4.0.3]
2026-06-14T02:50:38.354282751Z [inf]  	at org.springframework.boot.web.servlet.ServletContextInitializerBeans.addAsRegistrationBean(ServletContextInitializerBeans.java:185) ~[spring-boot-4.0.3.jar!/:4.0.3]
2026-06-14T02:50:38.354286028Z [inf]  	at org.springframework.boot.web.servlet.ServletContextInitializerBeans.addAsRegistrationBean(ServletContextInitializerBeans.java:180) ~[spring-boot-4.0.3.jar!/:4.0.3]
2026-06-14T02:50:38.354289086Z [inf]  	at org.springframework.boot.web.servlet.ServletContextInitializerBeans.addAdaptableBeans(ServletContextInitializerBeans.java:165) ~[spring-boot-4.0.3.jar!/:4.0.3]
2026-06-14T02:50:38.354292593Z [inf]  	at org.springframework.boot.web.servlet.ServletContextInitializerBeans.<init>(ServletContextInitializerBeans.java:97) ~[spring-boot-4.0.3.jar!/:4.0.3]
2026-06-14T02:50:38.354296072Z [inf]  	at org.springframework.boot.web.context.servlet.WebApplicationContextInitializer.initialize(WebApplicationContextInitializer.java:53) ~[spring-boot-4.0.3.jar!/:4.0.3]
2026-06-14T02:50:38.354299195Z [inf]  	at org.springframework.boot.tomcat.servlet.DeferredServletContainerInitializers.onStartup(DeferredServletContainerInitializers.java:55) ~[spring-boot-tomcat-4.0.3.jar!/:4.0.3]
2026-06-14T02:50:38.354302133Z [inf]  	at org.apache.catalina.core.StandardContext.startInternal(StandardContext.java:4416) ~[tomcat-embed-core-11.0.18.jar!/:na]
2026-06-14T02:50:38.354305105Z [inf]  	at org.apache.catalina.util.LifecycleBase.start(LifecycleBase.java:164) ~[tomcat-embed-core-11.0.18.jar!/:na]
2026-06-14T02:50:38.354308267Z [inf]  	at org.apache.catalina.core.ContainerBase$StartChild.call(ContainerBase.java:1162) ~[tomcat-embed-core-11.0.18.jar!/:na]
2026-06-14T02:50:38.354311186Z [inf]  	at org.apache.catalina.core.ContainerBase$StartChild.call(ContainerBase.java:1158) ~[tomcat-embed-core-11.0.18.jar!/:na]
2026-06-14T02:50:38.354314332Z [inf]  	at java.base/java.util.concurrent.FutureTask.run(FutureTask.java:317) ~[na:na]
2026-06-14T02:50:38.354317135Z [inf]  	at org.apache.tomcat.util.threads.InlineExecutorService.execute(InlineExecutorService.java:81) ~[tomcat-embed-core-11.0.18.jar!/:na]
2026-06-14T02:50:38.356294453Z [inf]  	at org.apache.catalina.util.LifecycleBase.start(LifecycleBase.java:164) ~[tomcat-embed-core-11.0.18.jar!/:na]
2026-06-14T02:50:38.356298490Z [inf]  	at org.apache.catalina.core.StandardService.startInternal(StandardService.java:410) ~[tomcat-embed-core-11.0.18.jar!/:na]
2026-06-14T02:50:38.356304378Z [inf]  	at java.base/java.util.concurrent.AbstractExecutorService.submit(AbstractExecutorService.java:145) ~[na:na]
2026-06-14T02:50:38.356310968Z [inf]  	at org.apache.catalina.core.ContainerBase.startInternal(ContainerBase.java:714) ~[tomcat-embed-core-11.0.18.jar!/:na]
2026-06-14T02:50:38.356315451Z [inf]  	at org.apache.catalina.core.StandardHost.startInternal(StandardHost.java:780) ~[tomcat-embed-core-11.0.18.jar!/:na]
2026-06-14T02:50:38.356319458Z [inf]  	at org.apache.catalina.util.LifecycleBase.start(LifecycleBase.java:164) ~[tomcat-embed-core-11.0.18.jar!/:na]
2026-06-14T02:50:38.356323460Z [inf]  	at org.apache.catalina.core.ContainerBase$StartChild.call(ContainerBase.java:1162) ~[tomcat-embed-core-11.0.18.jar!/:na]
2026-06-14T02:50:38.356327673Z [inf]  	at org.apache.catalina.core.ContainerBase$StartChild.call(ContainerBase.java:1158) ~[tomcat-embed-core-11.0.18.jar!/:na]
2026-06-14T02:50:38.356334327Z [inf]  	at java.base/java.util.concurrent.FutureTask.run(FutureTask.java:317) ~[na:na]
2026-06-14T02:50:38.356338878Z [inf]  	at org.apache.tomcat.util.threads.InlineExecutorService.execute(InlineExecutorService.java:81) ~[tomcat-embed-core-11.0.18.jar!/:na]
2026-06-14T02:50:38.356343118Z [inf]  	at java.base/java.util.concurrent.AbstractExecutorService.submit(AbstractExecutorService.java:145) ~[na:na]
2026-06-14T02:50:38.356347566Z [inf]  	at org.apache.catalina.core.ContainerBase.startInternal(ContainerBase.java:714) ~[tomcat-embed-core-11.0.18.jar!/:na]
2026-06-14T02:50:38.356353073Z [inf]  	at org.apache.catalina.core.StandardEngine.startInternal(StandardEngine.java:201) ~[tomcat-embed-core-11.0.18.jar!/:na]
2026-06-14T02:50:38.358219105Z [inf]  	at org.apache.catalina.util.LifecycleBase.start(LifecycleBase.java:164) ~[tomcat-embed-core-11.0.18.jar!/:na]
2026-06-14T02:50:38.358227128Z [inf]  	at org.apache.catalina.core.StandardServer.startInternal(StandardServer.java:864) ~[tomcat-embed-core-11.0.18.jar!/:na]
2026-06-14T02:50:38.358231168Z [inf]  	at org.apache.catalina.util.LifecycleBase.start(LifecycleBase.java:164) ~[tomcat-embed-core-11.0.18.jar!/:na]
2026-06-14T02:50:38.358235333Z [inf]  	at org.apache.catalina.startup.Tomcat.start(Tomcat.java:435) ~[tomcat-embed-core-11.0.18.jar!/:na]
2026-06-14T02:50:38.358238777Z [inf]  	at org.springframework.boot.tomcat.TomcatWebServer.initialize(TomcatWebServer.java:131) ~[spring-boot-tomcat-4.0.3.jar!/:4.0.3]
2026-06-14T02:50:38.358242113Z [inf]  	at org.springframework.boot.tomcat.TomcatWebServer.<init>(TomcatWebServer.java:110) ~[spring-boot-tomcat-4.0.3.jar!/:4.0.3]
2026-06-14T02:50:38.358245478Z [inf]  	at org.springframework.boot.tomcat.servlet.TomcatServletWebServerFactory.getTomcatWebServer(TomcatServletWebServerFactory.java:408) ~[spring-boot-tomcat-4.0.3.jar!/:4.0.3]
2026-06-14T02:50:38.358249750Z [inf]  	at org.springframework.boot.tomcat.servlet.TomcatServletWebServerFactory.getWebServer(TomcatServletWebServerFactory.java:166) ~[spring-boot-tomcat-4.0.3.jar!/:4.0.3]
2026-06-14T02:50:38.358252764Z [inf]  	at org.springframework.boot.web.server.servlet.context.ServletWebServerApplicationContext.createWebServer(ServletWebServerApplicationContext.java:190) ~[spring-boot-web-server-4.0.3.jar!/:4.0.3]
2026-06-14T02:50:38.358256175Z [inf]  	at org.springframework.boot.web.server.servlet.context.ServletWebServerApplicationContext.onRefresh(ServletWebServerApplicationContext.java:164) ~[spring-boot-web-server-4.0.3.jar!/:4.0.3]
2026-06-14T02:50:38.358259770Z [inf]  	at org.springframework.context.support.AbstractApplicationContext.refresh(AbstractApplicationContext.java:615) ~[spring-context-7.0.5.jar!/:7.0.5]
2026-06-14T02:50:38.360151836Z [inf]  	at org.springframework.boot.web.server.servlet.context.ServletWebServerApplicationContext.refresh(ServletWebServerApplicationContext.java:143) ~[spring-boot-web-server-4.0.3.jar!/:4.0.3]
2026-06-14T02:50:38.360157032Z [inf]  	at org.springframework.boot.SpringApplication.refresh(SpringApplication.java:756) ~[spring-boot-4.0.3.jar!/:4.0.3]
2026-06-14T02:50:38.360160707Z [inf]  	at org.springframework.boot.SpringApplication.refreshContext(SpringApplication.java:445) ~[spring-boot-4.0.3.jar!/:4.0.3]
2026-06-14T02:50:38.360164071Z [inf]  	at org.springframework.boot.SpringApplication.run(SpringApplication.java:321) ~[spring-boot-4.0.3.jar!/:4.0.3]
2026-06-14T02:50:38.360167310Z [inf]  	at org.springframework.boot.SpringApplication.run(SpringApplication.java:1365) ~[spring-boot-4.0.3.jar!/:4.0.3]
2026-06-14T02:50:38.360170354Z [inf]  	at org.springframework.boot.SpringApplication.run(SpringApplication.java:1354) ~[spring-boot-4.0.3.jar!/:4.0.3]
2026-06-14T02:50:38.360173967Z [inf]  	at com.example.demo.DatnBackendApplication.main(DatnBackendApplication.java:13) ~[!/:0.0.1-SNAPSHOT]
2026-06-14T02:50:38.360178195Z [inf]  	at java.base/jdk.internal.reflect.DirectMethodHandleAccessor.invoke(DirectMethodHandleAccessor.java:103) ~[na:na]
2026-06-14T02:50:38.360182288Z [inf]  	at java.base/java.lang.reflect.Method.invoke(Method.java:580) ~[na:na]
2026-06-14T02:50:38.360185863Z [inf]  	at org.springframework.boot.loader.launch.Launcher.launch(Launcher.java:106) ~[datn-backend-0.0.1-SNAPSHOT.jar:0.0.1-SNAPSHOT]
2026-06-14T02:50:38.360189177Z [inf]  	at org.springframework.boot.loader.launch.Launcher.launch(Launcher.java:64) ~[datn-backend-0.0.1-SNAPSHOT.jar:0.0.1-SNAPSHOT]
2026-06-14T02:50:38.360192315Z [inf]  	at org.springframework.boot.loader.launch.JarLauncher.main(JarLauncher.java:40) ~[datn-backend-0.0.1-SNAPSHOT.jar:0.0.1-SNAPSHOT]
2026-06-14T02:50:38.360195837Z [inf]  Caused by: com.mysql.cj.jdbc.exceptions.CommunicationsException: Communications link failure
2026-06-14T02:50:38.361766945Z [inf]  
2026-06-14T02:50:38.361774435Z [inf]  The last packet sent successfully to the server was 0 milliseconds ago. The driver has not received any packets from the server.
2026-06-14T02:50:38.361778837Z [inf]  	at com.mysql.cj.jdbc.exceptions.SQLError.createCommunicationsException(SQLError.java:165) ~[mysql-connector-j-9.6.0.jar!/:9.6.0]
2026-06-14T02:50:38.361783260Z [inf]  	at com.mysql.cj.jdbc.exceptions.SQLExceptionsMapping.translateException(SQLExceptionsMapping.java:55) ~[mysql-connector-j-9.6.0.jar!/:9.6.0]
2026-06-14T02:50:38.361786251Z [inf]  	at com.mysql.cj.jdbc.ConnectionImpl.createNewIO(ConnectionImpl.java:840) ~[mysql-connector-j-9.6.0.jar!/:9.6.0]
2026-06-14T02:50:38.361789711Z [inf]  	at com.mysql.cj.jdbc.ConnectionImpl.<init>(ConnectionImpl.java:416) ~[mysql-connector-j-9.6.0.jar!/:9.6.0]
2026-06-14T02:50:38.361792859Z [inf]  	at com.mysql.cj.jdbc.ConnectionImpl.getInstance(ConnectionImpl.java:237) ~[mysql-connector-j-9.6.0.jar!/:9.6.0]
2026-06-14T02:50:38.361795911Z [inf]  	at com.mysql.cj.jdbc.NonRegisteringDriver.connect(NonRegisteringDriver.java:180) ~[mysql-connector-j-9.6.0.jar!/:9.6.0]
2026-06-14T02:50:38.361798813Z [inf]  	at com.zaxxer.hikari.util.DriverDataSource.getConnection(DriverDataSource.java:144) ~[HikariCP-7.0.2.jar!/:na]
2026-06-14T02:50:38.361801790Z [inf]  	at com.zaxxer.hikari.pool.PoolBase.newConnection(PoolBase.java:373) ~[HikariCP-7.0.2.jar!/:na]
2026-06-14T02:50:38.361804706Z [inf]  	at com.zaxxer.hikari.pool.PoolBase.newPoolEntry(PoolBase.java:210) ~[HikariCP-7.0.2.jar!/:na]
2026-06-14T02:50:38.361808001Z [inf]  	at com.zaxxer.hikari.pool.HikariPool.createPoolEntry(HikariPool.java:488) ~[HikariCP-7.0.2.jar!/:na]
2026-06-14T02:50:38.361811305Z [inf]  	at com.zaxxer.hikari.pool.HikariPool.checkFailFast(HikariPool.java:576) ~[HikariCP-7.0.2.jar!/:na]
2026-06-14T02:50:38.361814496Z [inf]  	at com.zaxxer.hikari.pool.HikariPool.<init>(HikariPool.java:97) ~[HikariCP-7.0.2.jar!/:na]
2026-06-14T02:50:38.363558266Z [inf]  	at com.mysql.cj.exceptions.ExceptionFactory.createException(ExceptionFactory.java:95) ~[mysql-connector-j-9.6.0.jar!/:9.6.0]
2026-06-14T02:50:38.363568227Z [inf]  	at java.base/jdk.internal.reflect.DirectConstructorHandleAccessor.newInstance(DirectConstructorHandleAccessor.java:62) ~[na:na]
2026-06-14T02:50:38.363586843Z [inf]  	at java.base/java.lang.reflect.Constructor.newInstanceWithCaller(Constructor.java:502) ~[na:na]
2026-06-14T02:50:38.363591513Z [inf]  	at com.zaxxer.hikari.HikariDataSource.getConnection(HikariDataSource.java:111) ~[HikariCP-7.0.2.jar!/:na]
2026-06-14T02:50:38.363593490Z [inf]  	at java.base/java.lang.reflect.Constructor.newInstance(Constructor.java:486) ~[na:na]
2026-06-14T02:50:38.363599595Z [inf]  	at org.hibernate.engine.jdbc.connections.internal.DataSourceConnectionProvider.getConnection(DataSourceConnectionProvider.java:137) ~[hibernate-core-7.2.4.Final.jar!/:7.2.4.Final]
2026-06-14T02:50:38.363601413Z [inf]  	at com.mysql.cj.exceptions.ExceptionFactory.createException(ExceptionFactory.java:52) ~[mysql-connector-j-9.6.0.jar!/:9.6.0]
2026-06-14T02:50:38.363604588Z [inf]  	at org.hibernate.engine.jdbc.env.internal.JdbcEnvironmentInitiator$ConnectionProviderJdbcConnectionAccess.obtainConnection(JdbcEnvironmentInitiator.java:508) ~[hibernate-core-7.2.4.Final.jar!/:7.2.4.Final]
2026-06-14T02:50:38.363609614Z [inf]  	at org.hibernate.resource.transaction.backend.jdbc.internal.JdbcIsolationDelegate.delegateWork(JdbcIsolationDelegate.java:48) ~[hibernate-core-7.2.4.Final.jar!/:7.2.4.Final]
2026-06-14T02:50:38.363616684Z [inf]  	... 113 common frames omitted
2026-06-14T02:50:38.363624647Z [inf]  Caused by: com.mysql.cj.exceptions.CJCommunicationsException: Communications link failure
2026-06-14T02:50:38.363628625Z [inf]  
2026-06-14T02:50:38.363632211Z [inf]  The last packet sent successfully to the server was 0 milliseconds ago. The driver has not received any packets from the server.
2026-06-14T02:50:38.367529671Z [inf]  	at com.mysql.cj.exceptions.ExceptionFactory.createException(ExceptionFactory.java:140) ~[mysql-connector-j-9.6.0.jar!/:9.6.0]
2026-06-14T02:50:38.367537745Z [inf]  	at com.mysql.cj.exceptions.ExceptionFactory.createCommunicationsException(ExceptionFactory.java:156) ~[mysql-connector-j-9.6.0.jar!/:9.6.0]
2026-06-14T02:50:38.367541321Z [inf]  	at com.mysql.cj.protocol.a.NativeSocketConnection.connect(NativeSocketConnection.java:79) ~[mysql-connector-j-9.6.0.jar!/:9.6.0]
2026-06-14T02:50:38.367544347Z [inf]  	at com.mysql.cj.NativeSession.connect(NativeSession.java:142) ~[mysql-connector-j-9.6.0.jar!/:9.6.0]
2026-06-14T02:50:38.367549344Z [inf]  	at com.mysql.cj.jdbc.ConnectionImpl.connectOneTryOnly(ConnectionImpl.java:964) ~[mysql-connector-j-9.6.0.jar!/:9.6.0]
2026-06-14T02:50:38.367552781Z [inf]  	at com.mysql.cj.jdbc.ConnectionImpl.createNewIO(ConnectionImpl.java:828) ~[mysql-connector-j-9.6.0.jar!/:9.6.0]
2026-06-14T02:50:38.367556295Z [inf]  	... 126 common frames omitted
2026-06-14T02:50:38.367559722Z [inf]  Caused by: java.net.UnknownHostException: mysql.railway.internal: Name or service not known
2026-06-14T02:50:38.367563508Z [inf]  	at java.base/java.net.Inet6AddressImpl.lookupAllHostAddr(Native Method) ~[na:na]
2026-06-14T02:50:38.367567220Z [inf]  	at java.base/java.net.Inet6AddressImpl.lookupAllHostAddr(Inet6AddressImpl.java:52) ~[na:na]
2026-06-14T02:50:38.367570252Z [inf]  	at java.base/java.net.InetAddress$PlatformResolver.lookupByName(InetAddress.java:1211) ~[na:na]
2026-06-14T02:50:38.367573013Z [inf]  	at java.base/java.net.InetAddress.getAddressesFromNameService(InetAddress.java:1828) ~[na:na]
2026-06-14T02:50:38.367575833Z [inf]  	at java.base/java.net.InetAddress$NameServiceAddresses.get(InetAddress.java:1139) ~[na:na]
2026-06-14T02:50:38.367592667Z [inf]  	at java.base/java.net.InetAddress.getAllByName0(InetAddress.java:1818) ~[na:na]
2026-06-14T02:50:38.367596855Z [inf]  	at java.base/java.net.InetAddress.getAllByName(InetAddress.java:1688) ~[na:na]
2026-06-14T02:50:38.369159035Z [inf]  	at com.mysql.cj.protocol.StandardSocketFactory.connect(StandardSocketFactory.java:121) ~[mysql-connector-j-9.6.0.jar!/:9.6.0]
2026-06-14T02:50:38.369163037Z [inf]  	at com.mysql.cj.protocol.a.NativeSocketConnection.connect(NativeSocketConnection.java:53) ~[mysql-connector-j-9.6.0.jar!/:9.6.0]
2026-06-14T02:50:38.369166115Z [inf]  	... 129 common frames omitted
2026-06-14T02:50:38.369170105Z [inf]  
2026-06-14T02:50:38.369173376Z [inf]  2026-06-14T02:50:38.345Z  WARN 1 --- [datn-backend] [           main] org.hibernate.orm.deprecation            : HHH90000025: MySQLDialect does not need to be specified explicitly using 'hibernate.dialect' (remove the property setting and it will be selected by default)
2026-06-14T02:50:40.575909294Z [inf]  2026-06-14T02:50:40.569Z  WARN 1 --- [datn-backend] [           main] org.hibernate.orm.jdbc.error             : HHH000247: ErrorCode: 0, SQLState: 08S01
2026-06-14T02:50:40.575912092Z [inf]  2026-06-14T02:50:40.569Z  WARN 1 --- [datn-backend] [           main] org.hibernate.orm.jdbc.error             : Communications link failure
2026-06-14T02:50:40.575914853Z [inf]  
2026-06-14T02:50:40.575917581Z [inf]  The last packet sent successfully to the server was 0 milliseconds ago. The driver has not received any packets from the server.
2026-06-14T02:50:40.575920285Z [inf]  2026-06-14T02:50:40.573Z ERROR 1 --- [datn-backend] [           main] j.LocalContainerEntityManagerFactoryBean : Failed to initialize JPA EntityManagerFactory: Unable to build Hibernate SessionFactory  [persistence unit: default] ; nested exception is org.hibernate.exception.JDBCConnectionException: Unable to open JDBC Connection for DDL execution [Communications link failure
2026-06-14T02:50:40.575923731Z [inf]  
2026-06-14T02:50:40.575926272Z [inf]  The last packet sent successfully to the server was 0 milliseconds ago. The driver has not received any packets from the server.] [n/a]
2026-06-14T02:50:40.575928957Z [inf]  2026-06-14T02:50:40.573Z ERROR 1 --- [datn-backend] [           main] t.s.DeferredServletContainerInitializers : Error starting Tomcat context. Exception: org.springframework.beans.factory.UnsatisfiedDependencyException. Message: Error creating bean with name 'jwtAuthFilter' defined in URL [jar:nested:/app/target/datn-backend-0.0.1-SNAPSHOT.jar/!BOOT-INF/classes/!/com/example/demo/security/JwtAuthFilter.class]: Unsatisfied dependency expressed through constructor parameter 1: Error creating bean with name 'userRepository' defined in com.example.demo.repository.UserRepository defined in @EnableJpaRepositories declared on DataJpaRepositoriesRegistrar.EnableJpaRepositoriesConfiguration: Cannot resolve reference to bean 'jpaSharedEM_entityManagerFactory' while setting bean property 'entityManager'
2026-06-14T02:50:40.600134156Z [inf]  2026-06-14T02:50:40.591Z  WARN 1 --- [datn-backend] [           main] ConfigServletWebServerApplicationContext : Exception encountered during context initialization - cancelling refresh attempt: org.springframework.context.ApplicationContextException: Unable to start web server
2026-06-14T02:50:40.606407644Z [inf]  2026-06-14T02:50:40.603Z ERROR 1 --- [datn-backend] [           main] o.s.boot.SpringApplication               : Application run failed
2026-06-14T02:50:40.606411976Z [inf]  
2026-06-14T02:50:40.606415559Z [inf]  org.springframework.context.ApplicationContextException: Unable to start web server
2026-06-14T02:50:40.606419167Z [inf]  	at org.springframework.boot.web.server.servlet.context.ServletWebServerApplicationContext.onRefresh(ServletWebServerApplicationContext.java:167) ~[spring-boot-web-server-4.0.3.jar!/:4.0.3]
2026-06-14T02:50:40.606422946Z [inf]  	at org.springframework.context.support.AbstractApplicationContext.refresh(AbstractApplicationContext.java:615) ~[spring-context-7.0.5.jar!/:7.0.5]
2026-06-14T02:50:40.606426701Z [inf]  	at org.springframework.boot.web.server.servlet.context.ServletWebServerApplicationContext.refresh(ServletWebServerApplicationContext.java:143) ~[spring-boot-web-server-4.0.3.jar!/:4.0.3]
2026-06-14T02:50:40.606429613Z [inf]  	at org.springframework.boot.SpringApplication.refresh(SpringApplication.java:756) ~[spring-boot-4.0.3.jar!/:4.0.3]
2026-06-14T02:50:40.606432430Z [inf]  	at org.springframework.boot.SpringApplication.refreshContext(SpringApplication.java:445) ~[spring-boot-4.0.3.jar!/:4.0.3]
2026-06-14T02:50:40.606435374Z [inf]  	at org.springframework.boot.SpringApplication.run(SpringApplication.java:321) ~[spring-boot-4.0.3.jar!/:4.0.3]
2026-06-14T02:50:40.606438447Z [inf]  	at org.springframework.boot.SpringApplication.run(SpringApplication.java:1365) ~[spring-boot-4.0.3.jar!/:4.0.3]
2026-06-14T02:50:40.606441262Z [inf]  	at org.springframework.boot.SpringApplication.run(SpringApplication.java:1354) ~[spring-boot-4.0.3.jar!/:4.0.3]
2026-06-14T02:50:40.606446119Z [inf]  	at com.example.demo.DatnBackendApplication.main(DatnBackendApplication.java:13) ~[!/:0.0.1-SNAPSHOT]
2026-06-14T02:50:40.606450663Z [inf]  	at java.base/jdk.internal.reflect.DirectMethodHandleAccessor.invoke(DirectMethodHandleAccessor.java:103) ~[na:na]
2026-06-14T02:50:40.608194733Z [inf]  	at org.springframework.boot.web.server.servlet.context.ServletWebServerApplicationContext.onRefresh(ServletWebServerApplicationContext.java:164) ~[spring-boot-web-server-4.0.3.jar!/:4.0.3]
2026-06-14T02:50:40.608201259Z [inf]  	... 13 common frames omitted
2026-06-14T02:50:40.608216901Z [inf]  	at java.base/java.lang.reflect.Method.invoke(Method.java:580) ~[na:na]
2026-06-14T02:50:40.608224192Z [inf]  	at org.springframework.boot.loader.launch.Launcher.launch(Launcher.java:106) ~[datn-backend-0.0.1-SNAPSHOT.jar:0.0.1-SNAPSHOT]
2026-06-14T02:50:40.608228643Z [inf]  	at org.springframework.boot.loader.launch.Launcher.launch(Launcher.java:64) ~[datn-backend-0.0.1-SNAPSHOT.jar:0.0.1-SNAPSHOT]
2026-06-14T02:50:40.608231837Z [inf]  	at org.springframework.boot.loader.launch.JarLauncher.main(JarLauncher.java:40) ~[datn-backend-0.0.1-SNAPSHOT.jar:0.0.1-SNAPSHOT]
2026-06-14T02:50:40.608235235Z [inf]  Caused by: org.springframework.boot.web.server.WebServerException: Unable to start embedded Tomcat
2026-06-14T02:50:40.608239744Z [inf]  	at org.springframework.boot.tomcat.TomcatWebServer.initialize(TomcatWebServer.java:150) ~[spring-boot-tomcat-4.0.3.jar!/:4.0.3]
2026-06-14T02:50:40.608242983Z [inf]  	at org.springframework.boot.tomcat.TomcatWebServer.<init>(TomcatWebServer.java:110) ~[spring-boot-tomcat-4.0.3.jar!/:4.0.3]
2026-06-14T02:50:40.608246112Z [inf]  	at org.springframework.boot.tomcat.servlet.TomcatServletWebServerFactory.getTomcatWebServer(TomcatServletWebServerFactory.java:408) ~[spring-boot-tomcat-4.0.3.jar!/:4.0.3]
2026-06-14T02:50:40.608249304Z [inf]  	at org.springframework.boot.tomcat.servlet.TomcatServletWebServerFactory.getWebServer(TomcatServletWebServerFactory.java:166) ~[spring-boot-tomcat-4.0.3.jar!/:4.0.3]
2026-06-14T02:50:40.608252302Z [inf]  	at org.springframework.boot.web.server.servlet.context.ServletWebServerApplicationContext.createWebServer(ServletWebServerApplicationContext.java:190) ~[spring-boot-web-server-4.0.3.jar!/:4.0.3]
2026-06-14T02:50:40.609900663Z [inf]  Caused by: org.springframework.beans.factory.UnsatisfiedDependencyException: Error creating bean with name 'jwtAuthFilter' defined in URL [jar:nested:/app/target/datn-backend-0.0.1-SNAPSHOT.jar/!BOOT-INF/classes/!/com/example/demo/security/JwtAuthFilter.class]: Unsatisfied dependency expressed through constructor parameter 1: Error creating bean with name 'userRepository' defined in com.example.demo.repository.UserRepository defined in @EnableJpaRepositories declared on DataJpaRepositoriesRegistrar.EnableJpaRepositoriesConfiguration: Cannot resolve reference to bean 'jpaSharedEM_entityManagerFactory' while setting bean property 'entityManager'
2026-06-14T02:50:40.609903855Z [inf]  	at org.springframework.beans.factory.support.ConstructorResolver.createArgumentArray(ConstructorResolver.java:804) ~[spring-beans-7.0.5.jar!/:7.0.5]
2026-06-14T02:50:40.609906950Z [inf]  	at org.springframework.beans.factory.support.ConstructorResolver.autowireConstructor(ConstructorResolver.java:240) ~[spring-beans-7.0.5.jar!/:7.0.5]
2026-06-14T02:50:40.609910049Z [inf]  	at org.springframework.beans.factory.support.AbstractAutowireCapableBeanFactory.autowireConstructor(AbstractAutowireCapableBeanFactory.java:1382) ~[spring-beans-7.0.5.jar!/:7.0.5]
2026-06-14T02:50:40.609913254Z [inf]  	at org.springframework.beans.factory.support.AbstractAutowireCapableBeanFactory.createBeanInstance(AbstractAutowireCapableBeanFactory.java:1221) ~[spring-beans-7.0.5.jar!/:7.0.5]
2026-06-14T02:50:40.609916413Z [inf]  	at org.springframework.beans.factory.support.AbstractAutowireCapableBeanFactory.doCreateBean(AbstractAutowireCapableBeanFactory.java:565) ~[spring-beans-7.0.5.jar!/:7.0.5]
2026-06-14T02:50:40.609919934Z [inf]  	at org.springframework.beans.factory.support.AbstractAutowireCapableBeanFactory.createBean(AbstractAutowireCapableBeanFactory.java:525) ~[spring-beans-7.0.5.jar!/:7.0.5]
2026-06-14T02:50:40.609923665Z [inf]  	at org.springframework.beans.factory.support.AbstractBeanFactory.lambda$doGetBean$0(AbstractBeanFactory.java:333) ~[spring-beans-7.0.5.jar!/:7.0.5]
2026-06-14T02:50:40.611444180Z [inf]  	at org.springframework.beans.factory.support.DefaultSingletonBeanRegistry.getSingleton(DefaultSingletonBeanRegistry.java:371) ~[spring-beans-7.0.5.jar!/:7.0.5]
2026-06-14T02:50:40.611448015Z [inf]  	at org.springframework.beans.factory.support.AbstractBeanFactory.doGetBean(AbstractBeanFactory.java:331) ~[spring-beans-7.0.5.jar!/:7.0.5]
2026-06-14T02:50:40.611451391Z [inf]  	at org.springframework.beans.factory.support.AbstractBeanFactory.getBean(AbstractBeanFactory.java:201) ~[spring-beans-7.0.5.jar!/:7.0.5]
2026-06-14T02:50:40.611457334Z [inf]  	at org.springframework.boot.web.servlet.ServletContextInitializerBeans.getOrderedBeansOfType(ServletContextInitializerBeans.java:231) ~[spring-boot-4.0.3.jar!/:4.0.3]
2026-06-14T02:50:40.611460477Z [inf]  	at org.springframework.boot.web.servlet.ServletContextInitializerBeans.addAsRegistrationBean(ServletContextInitializerBeans.java:185) ~[spring-boot-4.0.3.jar!/:4.0.3]
2026-06-14T02:50:40.611463571Z [inf]  	at org.springframework.boot.web.servlet.ServletContextInitializerBeans.addAsRegistrationBean(ServletContextInitializerBeans.java:180) ~[spring-boot-4.0.3.jar!/:4.0.3]
2026-06-14T02:50:40.611466586Z [inf]  	at org.springframework.boot.web.servlet.ServletContextInitializerBeans.addAdaptableBeans(ServletContextInitializerBeans.java:165) ~[spring-boot-4.0.3.jar!/:4.0.3]
2026-06-14T02:50:40.611469463Z [inf]  	at org.springframework.boot.web.servlet.ServletContextInitializerBeans.<init>(ServletContextInitializerBeans.java:97) ~[spring-boot-4.0.3.jar!/:4.0.3]
2026-06-14T02:50:40.611472486Z [inf]  	at org.springframework.boot.web.context.servlet.WebApplicationContextInitializer.initialize(WebApplicationContextInitializer.java:53) ~[spring-boot-4.0.3.jar!/:4.0.3]
2026-06-14T02:50:40.611475419Z [inf]  	at org.springframework.boot.tomcat.servlet.DeferredServletContainerInitializers.onStartup(DeferredServletContainerInitializers.java:55) ~[spring-boot-tomcat-4.0.3.jar!/:4.0.3]
2026-06-14T02:50:40.611478703Z [inf]  	at org.apache.catalina.core.StandardContext.startInternal(StandardContext.java:4416) ~[tomcat-embed-core-11.0.18.jar!/:na]
2026-06-14T02:50:40.612902529Z [inf]  	at org.apache.catalina.util.LifecycleBase.start(LifecycleBase.java:164) ~[tomcat-embed-core-11.0.18.jar!/:na]
2026-06-14T02:50:40.612906502Z [inf]  	at org.apache.catalina.core.ContainerBase$StartChild.call(ContainerBase.java:1162) ~[tomcat-embed-core-11.0.18.jar!/:na]
2026-06-14T02:50:40.612910644Z [inf]  	at org.apache.catalina.core.ContainerBase$StartChild.call(ContainerBase.java:1158) ~[tomcat-embed-core-11.0.18.jar!/:na]
2026-06-14T02:50:40.612914307Z [inf]  	at java.base/java.util.concurrent.FutureTask.run(FutureTask.java:317) ~[na:na]
2026-06-14T02:50:40.612918029Z [inf]  	at org.apache.tomcat.util.threads.InlineExecutorService.execute(InlineExecutorService.java:81) ~[tomcat-embed-core-11.0.18.jar!/:na]
2026-06-14T02:50:40.612922066Z [inf]  	at java.base/java.util.concurrent.AbstractExecutorService.submit(AbstractExecutorService.java:145) ~[na:na]
2026-06-14T02:50:40.612925214Z [inf]  	at org.apache.catalina.core.ContainerBase.startInternal(ContainerBase.java:714) ~[tomcat-embed-core-11.0.18.jar!/:na]
2026-06-14T02:50:40.612928413Z [inf]  	at org.apache.catalina.core.StandardHost.startInternal(StandardHost.java:780) ~[tomcat-embed-core-11.0.18.jar!/:na]
2026-06-14T02:50:40.612933090Z [inf]  	at org.apache.catalina.util.LifecycleBase.start(LifecycleBase.java:164) ~[tomcat-embed-core-11.0.18.jar!/:na]
2026-06-14T02:50:40.612936287Z [inf]  	at org.apache.catalina.core.ContainerBase$StartChild.call(ContainerBase.java:1162) ~[tomcat-embed-core-11.0.18.jar!/:na]
2026-06-14T02:50:40.612940488Z [inf]  	at org.apache.catalina.core.ContainerBase$StartChild.call(ContainerBase.java:1158) ~[tomcat-embed-core-11.0.18.jar!/:na]
2026-06-14T02:50:40.612945749Z [inf]  	at java.base/java.util.concurrent.FutureTask.run(FutureTask.java:317) ~[na:na]
2026-06-14T02:50:40.612950222Z [inf]  	at org.apache.tomcat.util.threads.InlineExecutorService.execute(InlineExecutorService.java:81) ~[tomcat-embed-core-11.0.18.jar!/:na]
2026-06-14T02:50:40.614339007Z [inf]  	at java.base/java.util.concurrent.AbstractExecutorService.submit(AbstractExecutorService.java:145) ~[na:na]
2026-06-14T02:50:40.614343723Z [inf]  	at org.apache.catalina.core.ContainerBase.startInternal(ContainerBase.java:714) ~[tomcat-embed-core-11.0.18.jar!/:na]
2026-06-14T02:50:40.614346827Z [inf]  	at org.apache.catalina.core.StandardEngine.startInternal(StandardEngine.java:201) ~[tomcat-embed-core-11.0.18.jar!/:na]
2026-06-14T02:50:40.614349830Z [inf]  	at org.apache.catalina.util.LifecycleBase.start(LifecycleBase.java:164) ~[tomcat-embed-core-11.0.18.jar!/:na]
2026-06-14T02:50:40.614352744Z [inf]  	at org.apache.catalina.core.StandardService.startInternal(StandardService.java:410) ~[tomcat-embed-core-11.0.18.jar!/:na]
2026-06-14T02:50:40.614355555Z [inf]  	at org.apache.catalina.util.LifecycleBase.start(LifecycleBase.java:164) ~[tomcat-embed-core-11.0.18.jar!/:na]
2026-06-14T02:50:40.614358243Z [inf]  	at org.apache.catalina.core.StandardServer.startInternal(StandardServer.java:864) ~[tomcat-embed-core-11.0.18.jar!/:na]
2026-06-14T02:50:40.614360881Z [inf]  	at org.apache.catalina.util.LifecycleBase.start(LifecycleBase.java:164) ~[tomcat-embed-core-11.0.18.jar!/:na]
2026-06-14T02:50:40.614363434Z [inf]  	at org.apache.catalina.startup.Tomcat.start(Tomcat.java:435) ~[tomcat-embed-core-11.0.18.jar!/:na]
2026-06-14T02:50:40.614365968Z [inf]  	at org.springframework.boot.tomcat.TomcatWebServer.initialize(TomcatWebServer.java:131) ~[spring-boot-tomcat-4.0.3.jar!/:4.0.3]
2026-06-14T02:50:40.614368566Z [inf]  	... 18 common frames omitted
2026-06-14T02:50:40.614371154Z [inf]  Caused by: org.springframework.beans.factory.BeanCreationException: Error creating bean with name 'userRepository' defined in com.example.demo.repository.UserRepository defined in @EnableJpaRepositories declared on DataJpaRepositoriesRegistrar.EnableJpaRepositoriesConfiguration: Cannot resolve reference to bean 'jpaSharedEM_entityManagerFactory' while setting bean property 'entityManager'
2026-06-14T02:50:40.615807592Z [inf]  	at org.springframework.beans.factory.support.DefaultSingletonBeanRegistry.getSingleton(DefaultSingletonBeanRegistry.java:371) ~[spring-beans-7.0.5.jar!/:7.0.5]
2026-06-14T02:50:40.615812275Z [inf]  	at org.springframework.beans.factory.support.BeanDefinitionValueResolver.resolveReference(BeanDefinitionValueResolver.java:377) ~[spring-beans-7.0.5.jar!/:7.0.5]
2026-06-14T02:50:40.615813896Z [inf]  	at org.springframework.beans.factory.support.AbstractBeanFactory.doGetBean(AbstractBeanFactory.java:331) ~[spring-beans-7.0.5.jar!/:7.0.5]
2026-06-14T02:50:40.615817193Z [inf]  	at org.springframework.beans.factory.support.BeanDefinitionValueResolver.resolveValueIfNecessary(BeanDefinitionValueResolver.java:135) ~[spring-beans-7.0.5.jar!/:7.0.5]
2026-06-14T02:50:40.615818707Z [inf]  	at org.springframework.beans.factory.support.AbstractBeanFactory.getBean(AbstractBeanFactory.java:201) ~[spring-beans-7.0.5.jar!/:7.0.5]
2026-06-14T02:50:40.615821327Z [inf]  	at org.springframework.beans.factory.support.AbstractAutowireCapableBeanFactory.applyPropertyValues(AbstractAutowireCapableBeanFactory.java:1712) ~[spring-beans-7.0.5.jar!/:7.0.5]
2026-06-14T02:50:40.615825167Z [inf]  	at org.springframework.beans.factory.support.AbstractAutowireCapableBeanFactory.populateBean(AbstractAutowireCapableBeanFactory.java:1461) ~[spring-beans-7.0.5.jar!/:7.0.5]
2026-06-14T02:50:40.615828658Z [inf]  	at org.springframework.beans.factory.support.AbstractAutowireCapableBeanFactory.doCreateBean(AbstractAutowireCapableBeanFactory.java:602) ~[spring-beans-7.0.5.jar!/:7.0.5]
2026-06-14T02:50:40.615833943Z [inf]  	at org.springframework.beans.factory.support.AbstractAutowireCapableBeanFactory.createBean(AbstractAutowireCapableBeanFactory.java:525) ~[spring-beans-7.0.5.jar!/:7.0.5]
2026-06-14T02:50:40.615837681Z [inf]  	at org.springframework.beans.factory.support.AbstractBeanFactory.lambda$doGetBean$0(AbstractBeanFactory.java:333) ~[spring-beans-7.0.5.jar!/:7.0.5]
2026-06-14T02:50:40.617271601Z [inf]  	at org.springframework.beans.factory.config.DependencyDescriptor.resolveCandidate(DependencyDescriptor.java:229) ~[spring-beans-7.0.5.jar!/:7.0.5]
2026-06-14T02:50:40.617275171Z [inf]  	at org.springframework.beans.factory.support.DefaultListableBeanFactory.doResolveDependency(DefaultListableBeanFactory.java:1762) ~[spring-beans-7.0.5.jar!/:7.0.5]
2026-06-14T02:50:40.617278060Z [inf]  	at org.springframework.beans.factory.support.DefaultListableBeanFactory.resolveDependency(DefaultListableBeanFactory.java:1651) ~[spring-beans-7.0.5.jar!/:7.0.5]
2026-06-14T02:50:40.617280914Z [inf]  	at org.springframework.beans.factory.support.ConstructorResolver.resolveAutowiredArgument(ConstructorResolver.java:912) ~[spring-beans-7.0.5.jar!/:7.0.5]
2026-06-14T02:50:40.617283726Z [inf]  	at org.springframework.beans.factory.support.ConstructorResolver.createArgumentArray(ConstructorResolver.java:791) ~[spring-beans-7.0.5.jar!/:7.0.5]
2026-06-14T02:50:40.617286479Z [inf]  	... 58 common frames omitted
2026-06-14T02:50:40.617289325Z [inf]  Caused by: org.springframework.beans.factory.BeanCreationException: Error creating bean with name 'jpaSharedEM_entityManagerFactory': Cannot resolve reference to bean 'entityManagerFactory' while setting constructor argument
2026-06-14T02:50:40.617292306Z [inf]  	at org.springframework.beans.factory.support.BeanDefinitionValueResolver.resolveReference(BeanDefinitionValueResolver.java:377) ~[spring-beans-7.0.5.jar!/:7.0.5]
2026-06-14T02:50:40.617295144Z [inf]  	at org.springframework.beans.factory.support.BeanDefinitionValueResolver.resolveValueIfNecessary(BeanDefinitionValueResolver.java:135) ~[spring-beans-7.0.5.jar!/:7.0.5]
2026-06-14T02:50:40.617298726Z [inf]  	at org.springframework.beans.factory.support.ConstructorResolver.resolveConstructorArguments(ConstructorResolver.java:691) ~[spring-beans-7.0.5.jar!/:7.0.5]
2026-06-14T02:50:40.617302451Z [inf]  	at org.springframework.beans.factory.support.ConstructorResolver.instantiateUsingFactoryMethod(ConstructorResolver.java:513) ~[spring-beans-7.0.5.jar!/:7.0.5]
2026-06-14T02:50:40.618878986Z [inf]  	at org.springframework.beans.factory.support.AbstractAutowireCapableBeanFactory.instantiateUsingFactoryMethod(AbstractAutowireCapableBeanFactory.java:1362) ~[spring-beans-7.0.5.jar!/:7.0.5]
2026-06-14T02:50:40.618885151Z [inf]  	at org.springframework.beans.factory.support.AbstractAutowireCapableBeanFactory.createBeanInstance(AbstractAutowireCapableBeanFactory.java:1194) ~[spring-beans-7.0.5.jar!/:7.0.5]
2026-06-14T02:50:40.618888757Z [inf]  	at org.springframework.beans.factory.support.AbstractAutowireCapableBeanFactory.doCreateBean(AbstractAutowireCapableBeanFactory.java:565) ~[spring-beans-7.0.5.jar!/:7.0.5]
2026-06-14T02:50:40.618892161Z [inf]  	at org.springframework.beans.factory.support.AbstractAutowireCapableBeanFactory.createBean(AbstractAutowireCapableBeanFactory.java:525) ~[spring-beans-7.0.5.jar!/:7.0.5]
2026-06-14T02:50:40.618896046Z [inf]  	at org.springframework.beans.factory.support.AbstractBeanFactory.lambda$doGetBean$0(AbstractBeanFactory.java:333) ~[spring-beans-7.0.5.jar!/:7.0.5]
2026-06-14T02:50:40.618900444Z [inf]  	at org.springframework.beans.factory.support.DefaultSingletonBeanRegistry.getSingleton(DefaultSingletonBeanRegistry.java:371) ~[spring-beans-7.0.5.jar!/:7.0.5]
2026-06-14T02:50:40.618904038Z [inf]  	at org.springframework.beans.factory.support.AbstractBeanFactory.doGetBean(AbstractBeanFactory.java:331) ~[spring-beans-7.0.5.jar!/:7.0.5]
2026-06-14T02:50:40.618907547Z [inf]  	at org.springframework.beans.factory.support.AbstractBeanFactory.getBean(AbstractBeanFactory.java:201) ~[spring-beans-7.0.5.jar!/:7.0.5]
2026-06-14T02:50:40.618912056Z [inf]  	at org.springframework.beans.factory.support.BeanDefinitionValueResolver.resolveReference(BeanDefinitionValueResolver.java:356) ~[spring-beans-7.0.5.jar!/:7.0.5]
2026-06-14T02:50:40.618916335Z [inf]  	... 72 common frames omitted
2026-06-14T02:50:40.618920646Z [inf]  Caused by: org.springframework.beans.factory.BeanCreationException: Error creating bean with name 'entityManagerFactory' defined in class path resource [org/springframework/boot/hibernate/autoconfigure/HibernateJpaConfiguration.class]: Unable to build Hibernate SessionFactory  [persistence unit: default] ; nested exception is org.hibernate.exception.JDBCConnectionException: Unable to open JDBC Connection for DDL execution [Communications link failure
2026-06-14T02:50:40.620400750Z [inf]  
2026-06-14T02:50:40.620405194Z [inf]  The last packet sent successfully to the server was 0 milliseconds ago. The driver has not received any packets from the server.] [n/a]
2026-06-14T02:50:40.620409600Z [inf]  	at org.springframework.beans.factory.support.AbstractAutowireCapableBeanFactory.initializeBean(AbstractAutowireCapableBeanFactory.java:1817) ~[spring-beans-7.0.5.jar!/:7.0.5]
2026-06-14T02:50:40.620413195Z [inf]  	at org.springframework.beans.factory.support.AbstractAutowireCapableBeanFactory.doCreateBean(AbstractAutowireCapableBeanFactory.java:603) ~[spring-beans-7.0.5.jar!/:7.0.5]
2026-06-14T02:50:40.620416677Z [inf]  	at org.springframework.beans.factory.support.AbstractAutowireCapableBeanFactory.createBean(AbstractAutowireCapableBeanFactory.java:525) ~[spring-beans-7.0.5.jar!/:7.0.5]
2026-06-14T02:50:40.620421026Z [inf]  	at org.springframework.beans.factory.support.AbstractBeanFactory.lambda$doGetBean$0(AbstractBeanFactory.java:333) ~[spring-beans-7.0.5.jar!/:7.0.5]
2026-06-14T02:50:40.620424694Z [inf]  	at org.springframework.beans.factory.support.DefaultSingletonBeanRegistry.getSingleton(DefaultSingletonBeanRegistry.java:371) ~[spring-beans-7.0.5.jar!/:7.0.5]
2026-06-14T02:50:40.620427724Z [inf]  	at org.springframework.beans.factory.support.AbstractBeanFactory.doGetBean(AbstractBeanFactory.java:331) ~[spring-beans-7.0.5.jar!/:7.0.5]
2026-06-14T02:50:40.620430875Z [inf]  	at org.springframework.beans.factory.support.AbstractBeanFactory.getBean(AbstractBeanFactory.java:196) ~[spring-beans-7.0.5.jar!/:7.0.5]
2026-06-14T02:50:40.620433692Z [inf]  	at org.springframework.beans.factory.support.BeanDefinitionValueResolver.resolveReference(BeanDefinitionValueResolver.java:365) ~[spring-beans-7.0.5.jar!/:7.0.5]
2026-06-14T02:50:40.620437524Z [inf]  	... 84 common frames omitted
2026-06-14T02:50:40.620440461Z [inf]  Caused by: jakarta.persistence.PersistenceException: Unable to build Hibernate SessionFactory  [persistence unit: default] ; nested exception is org.hibernate.exception.JDBCConnectionException: Unable to open JDBC Connection for DDL execution [Communications link failure
2026-06-14T02:50:40.621947546Z [inf]  
2026-06-14T02:50:40.621951523Z [inf]  The last packet sent successfully to the server was 0 milliseconds ago. The driver has not received any packets from the server.] [n/a]
2026-06-14T02:50:40.621954449Z [inf]  	at org.springframework.orm.jpa.AbstractEntityManagerFactoryBean.buildNativeEntityManagerFactory(AbstractEntityManagerFactoryBean.java:448) ~[spring-orm-7.0.5.jar!/:7.0.5]
2026-06-14T02:50:40.621957127Z [inf]  	at org.springframework.orm.jpa.AbstractEntityManagerFactoryBean.afterPropertiesSet(AbstractEntityManagerFactoryBean.java:411) ~[spring-orm-7.0.5.jar!/:7.0.5]
2026-06-14T02:50:40.621959763Z [inf]  	at org.springframework.orm.jpa.LocalContainerEntityManagerFactoryBean.afterPropertiesSet(LocalContainerEntityManagerFactoryBean.java:419) ~[spring-orm-7.0.5.jar!/:7.0.5]
2026-06-14T02:50:40.621962990Z [inf]  	at org.springframework.beans.factory.support.AbstractAutowireCapableBeanFactory.invokeInitMethods(AbstractAutowireCapableBeanFactory.java:1864) ~[spring-beans-7.0.5.jar!/:7.0.5]
2026-06-14T02:50:40.621965607Z [inf]  	at org.springframework.beans.factory.support.AbstractAutowireCapableBeanFactory.initializeBean(AbstractAutowireCapableBeanFactory.java:1813) ~[spring-beans-7.0.5.jar!/:7.0.5]
2026-06-14T02:50:40.621968227Z [inf]  	... 91 common frames omitted
2026-06-14T02:50:40.621970838Z [inf]  Caused by: org.hibernate.exception.JDBCConnectionException: Unable to open JDBC Connection for DDL execution [Communications link failure
2026-06-14T02:50:40.621973561Z [inf]  
2026-06-14T02:50:40.621976930Z [inf]  The last packet sent successfully to the server was 0 milliseconds ago. The driver has not received any packets from the server.] [n/a]
2026-06-14T02:50:40.621979581Z [inf]  	at org.hibernate.exception.internal.SQLStateConversionDelegate.convert(SQLStateConversionDelegate.java:80) ~[hibernate-core-7.2.4.Final.jar!/:7.2.4.Final]
2026-06-14T02:50:40.621982229Z [inf]  	at org.hibernate.exception.internal.StandardSQLExceptionConverter.convert(StandardSQLExceptionConverter.java:34) ~[hibernate-core-7.2.4.Final.jar!/:7.2.4.Final]
2026-06-14T02:50:40.623700457Z [inf]  	at org.hibernate.engine.jdbc.spi.SqlExceptionHelper.convert(SqlExceptionHelper.java:115) ~[hibernate-core-7.2.4.Final.jar!/:7.2.4.Final]
2026-06-14T02:50:40.623705049Z [inf]  	at org.hibernate.engine.jdbc.spi.SqlExceptionHelper.convert(SqlExceptionHelper.java:101) ~[hibernate-core-7.2.4.Final.jar!/:7.2.4.Final]
2026-06-14T02:50:40.623707923Z [inf]  	at org.hibernate.resource.transaction.backend.jdbc.internal.DdlTransactionIsolatorNonJtaImpl.getIsolatedConnection(DdlTransactionIsolatorNonJtaImpl.java:71) ~[hibernate-core-7.2.4.Final.jar!/:7.2.4.Final]
2026-06-14T02:50:40.623710829Z [inf]  	at org.hibernate.resource.transaction.backend.jdbc.internal.DdlTransactionIsolatorNonJtaImpl.getIsolatedConnection(DdlTransactionIsolatorNonJtaImpl.java:37) ~[hibernate-core-7.2.4.Final.jar!/:7.2.4.Final]
2026-06-14T02:50:40.623713657Z [inf]  	at org.hibernate.tool.schema.internal.exec.ImprovedExtractionContextImpl.getJdbcConnection(ImprovedExtractionContextImpl.java:61) ~[hibernate-core-7.2.4.Final.jar!/:7.2.4.Final]
2026-06-14T02:50:40.623716426Z [inf]  	at org.hibernate.tool.schema.internal.exec.ImprovedExtractionContextImpl.getJdbcDatabaseMetaData(ImprovedExtractionContextImpl.java:68) ~[hibernate-core-7.2.4.Final.jar!/:7.2.4.Final]
2026-06-14T02:50:40.623718942Z [inf]  	at org.hibernate.tool.schema.extract.internal.InformationExtractorJdbcDatabaseMetaDataImpl.getJdbcDatabaseMetaData(InformationExtractorJdbcDatabaseMetaDataImpl.java:38) ~[hibernate-core-7.2.4.Final.jar!/:7.2.4.Final]
2026-06-14T02:50:40.623722009Z [inf]  	at org.hibernate.tool.schema.extract.internal.InformationExtractorJdbcDatabaseMetaDataImpl.processTableResultSet(InformationExtractorJdbcDatabaseMetaDataImpl.java:76) ~[hibernate-core-7.2.4.Final.jar!/:7.2.4.Final]
2026-06-14T02:50:40.623724653Z [inf]  	at org.hibernate.tool.schema.extract.internal.AbstractInformationExtractorImpl.getTables(AbstractInformationExtractorImpl.java:496) ~[hibernate-core-7.2.4.Final.jar!/:7.2.4.Final]
2026-06-14T02:50:40.625045531Z [inf]  	at org.hibernate.tool.schema.extract.internal.DatabaseInformationImpl.getTablesInformation(DatabaseInformationImpl.java:124) ~[hibernate-core-7.2.4.Final.jar!/:7.2.4.Final]
2026-06-14T02:50:40.625048702Z [inf]  	at org.hibernate.tool.schema.internal.GroupedSchemaMigratorImpl.performTablesMigration(GroupedSchemaMigratorImpl.java:72) ~[hibernate-core-7.2.4.Final.jar!/:7.2.4.Final]
2026-06-14T02:50:40.625052003Z [inf]  	at org.hibernate.tool.schema.internal.AbstractSchemaMigrator.performMigration(AbstractSchemaMigrator.java:220) ~[hibernate-core-7.2.4.Final.jar!/:7.2.4.Final]
2026-06-14T02:50:40.625055135Z [inf]  	at org.hibernate.tool.schema.internal.AbstractSchemaMigrator.doMigration(AbstractSchemaMigrator.java:96) ~[hibernate-core-7.2.4.Final.jar!/:7.2.4.Final]
2026-06-14T02:50:40.625058010Z [inf]  	at org.hibernate.tool.schema.spi.SchemaManagementToolCoordinator.performDatabaseAction(SchemaManagementToolCoordinator.java:269) ~[hibernate-core-7.2.4.Final.jar!/:7.2.4.Final]
2026-06-14T02:50:40.625061088Z [inf]  	at org.hibernate.tool.schema.spi.SchemaManagementToolCoordinator.lambda$process$1(SchemaManagementToolCoordinator.java:101) ~[hibernate-core-7.2.4.Final.jar!/:7.2.4.Final]
2026-06-14T02:50:40.625064647Z [inf]  	at java.base/java.util.HashMap.forEach(HashMap.java:1429) ~[na:na]
2026-06-14T02:50:40.625067696Z [inf]  	at org.hibernate.tool.schema.spi.SchemaManagementToolCoordinator.process(SchemaManagementToolCoordinator.java:100) ~[hibernate-core-7.2.4.Final.jar!/:7.2.4.Final]
2026-06-14T02:50:40.625070589Z [inf]  	at org.hibernate.boot.internal.SessionFactoryObserverForSchemaExport.sessionFactoryCreated(SessionFactoryObserverForSchemaExport.java:35) ~[hibernate-core-7.2.4.Final.jar!/:7.2.4.Final]
2026-06-14T02:50:40.625074269Z [inf]  	at org.hibernate.internal.SessionFactoryObserverChain.sessionFactoryCreated(SessionFactoryObserverChain.java:33) ~[hibernate-core-7.2.4.Final.jar!/:7.2.4.Final]
2026-06-14T02:50:40.625077553Z [inf]  	at org.hibernate.internal.SessionFactoryImpl.<init>(SessionFactoryImpl.java:323) ~[hibernate-core-7.2.4.Final.jar!/:7.2.4.Final]
2026-06-14T02:50:40.626397431Z [inf]  	at org.hibernate.internal.SessionFactoryRegistry.instantiateSessionFactory(SessionFactoryRegistry.java:64) ~[hibernate-core-7.2.4.Final.jar!/:7.2.4.Final]
2026-06-14T02:50:40.626403106Z [inf]  	at org.hibernate.boot.internal.SessionFactoryBuilderImpl.build(SessionFactoryBuilderImpl.java:437) ~[hibernate-core-7.2.4.Final.jar!/:7.2.4.Final]
2026-06-14T02:50:40.626406525Z [inf]  	at org.hibernate.jpa.boot.internal.EntityManagerFactoryBuilderImpl.build(EntityManagerFactoryBuilderImpl.java:1456) ~[hibernate-core-7.2.4.Final.jar!/:7.2.4.Final]
2026-06-14T02:50:40.626409832Z [inf]  	at org.springframework.orm.jpa.vendor.SpringHibernateJpaPersistenceProvider.createContainerEntityManagerFactory(SpringHibernateJpaPersistenceProvider.java:93) ~[spring-orm-7.0.5.jar!/:7.0.5]
2026-06-14T02:50:40.626413728Z [inf]  	at org.springframework.orm.jpa.LocalContainerEntityManagerFactoryBean.createNativeEntityManagerFactory(LocalContainerEntityManagerFactoryBean.java:443) ~[spring-orm-7.0.5.jar!/:7.0.5]
2026-06-14T02:50:40.626417528Z [inf]  	at org.springframework.orm.jpa.AbstractEntityManagerFactoryBean.buildNativeEntityManagerFactory(AbstractEntityManagerFactoryBean.java:436) ~[spring-orm-7.0.5.jar!/:7.0.5]
2026-06-14T02:50:40.626422688Z [inf]  	... 95 common frames omitted
2026-06-14T02:50:40.626427290Z [inf]  Caused by: com.mysql.cj.jdbc.exceptions.CommunicationsException: Communications link failure
2026-06-14T02:50:40.626431836Z [inf]  
2026-06-14T02:50:40.626436160Z [inf]  The last packet sent successfully to the server was 0 milliseconds ago. The driver has not received any packets from the server.
2026-06-14T02:50:40.626439720Z [inf]  	at com.mysql.cj.jdbc.exceptions.SQLError.createCommunicationsException(SQLError.java:165) ~[mysql-connector-j-9.6.0.jar!/:9.6.0]
2026-06-14T02:50:40.626442863Z [inf]  	at com.mysql.cj.jdbc.exceptions.SQLExceptionsMapping.translateException(SQLExceptionsMapping.java:55) ~[mysql-connector-j-9.6.0.jar!/:9.6.0]
2026-06-14T02:50:40.628088108Z [inf]  	at com.mysql.cj.jdbc.ConnectionImpl.createNewIO(ConnectionImpl.java:840) ~[mysql-connector-j-9.6.0.jar!/:9.6.0]
2026-06-14T02:50:40.628091862Z [inf]  	at com.mysql.cj.jdbc.ConnectionImpl.<init>(ConnectionImpl.java:416) ~[mysql-connector-j-9.6.0.jar!/:9.6.0]
2026-06-14T02:50:40.628094898Z [inf]  	at com.mysql.cj.jdbc.ConnectionImpl.getInstance(ConnectionImpl.java:237) ~[mysql-connector-j-9.6.0.jar!/:9.6.0]
2026-06-14T02:50:40.628097754Z [inf]  	at com.mysql.cj.jdbc.NonRegisteringDriver.connect(NonRegisteringDriver.java:180) ~[mysql-connector-j-9.6.0.jar!/:9.6.0]
2026-06-14T02:50:40.628100731Z [inf]  	at com.zaxxer.hikari.util.DriverDataSource.getConnection(DriverDataSource.java:144) ~[HikariCP-7.0.2.jar!/:na]
2026-06-14T02:50:40.628103754Z [inf]  	at com.zaxxer.hikari.pool.PoolBase.newConnection(PoolBase.java:373) ~[HikariCP-7.0.2.jar!/:na]
2026-06-14T02:50:40.628107158Z [inf]  	at com.zaxxer.hikari.pool.PoolBase.newPoolEntry(PoolBase.java:210) ~[HikariCP-7.0.2.jar!/:na]
2026-06-14T02:50:40.628112266Z [inf]  	at com.zaxxer.hikari.pool.HikariPool.createPoolEntry(HikariPool.java:488) ~[HikariCP-7.0.2.jar!/:na]
2026-06-14T02:50:40.628115368Z [inf]  	at com.zaxxer.hikari.pool.HikariPool.checkFailFast(HikariPool.java:576) ~[HikariCP-7.0.2.jar!/:na]
2026-06-14T02:50:40.628118157Z [inf]  	at com.zaxxer.hikari.pool.HikariPool.<init>(HikariPool.java:97) ~[HikariCP-7.0.2.jar!/:na]
2026-06-14T02:50:40.628120821Z [inf]  	at com.zaxxer.hikari.HikariDataSource.getConnection(HikariDataSource.java:111) ~[HikariCP-7.0.2.jar!/:na]
2026-06-14T02:50:40.628123543Z [inf]  	at org.hibernate.engine.jdbc.connections.internal.DataSourceConnectionProvider.getConnection(DataSourceConnectionProvider.java:137) ~[hibernate-core-7.2.4.Final.jar!/:7.2.4.Final]
2026-06-14T02:50:40.628126487Z [inf]  	at org.hibernate.engine.jdbc.env.internal.JdbcEnvironmentInitiator$ConnectionProviderJdbcConnectionAccess.obtainConnection(JdbcEnvironmentInitiator.java:508) ~[hibernate-core-7.2.4.Final.jar!/:7.2.4.Final]
2026-06-14T02:50:40.629649181Z [inf]  	at com.mysql.cj.exceptions.ExceptionFactory.createException(ExceptionFactory.java:140) ~[mysql-connector-j-9.6.0.jar!/:9.6.0]
2026-06-14T02:50:40.629652793Z [inf]  	at com.mysql.cj.exceptions.ExceptionFactory.createCommunicationsException(ExceptionFactory.java:156) ~[mysql-connector-j-9.6.0.jar!/:9.6.0]
2026-06-14T02:50:40.629656875Z [inf]  	at com.mysql.cj.protocol.a.NativeSocketConnection.connect(NativeSocketConnection.java:79) ~[mysql-connector-j-9.6.0.jar!/:9.6.0]
2026-06-14T02:50:40.629661607Z [inf]  	at com.mysql.cj.NativeSession.connect(NativeSession.java:142) ~[mysql-connector-j-9.6.0.jar!/:9.6.0]
2026-06-14T02:50:40.629664162Z [inf]  	at org.hibernate.resource.transaction.backend.jdbc.internal.DdlTransactionIsolatorNonJtaImpl.getIsolatedConnection(DdlTransactionIsolatorNonJtaImpl.java:44) ~[hibernate-core-7.2.4.Final.jar!/:7.2.4.Final]
2026-06-14T02:50:40.629669561Z [inf]  	... 118 common frames omitted
2026-06-14T02:50:40.629672901Z [inf]  Caused by: com.mysql.cj.exceptions.CJCommunicationsException: Communications link failure
2026-06-14T02:50:40.629676973Z [inf]  
2026-06-14T02:50:40.629680423Z [inf]  The last packet sent successfully to the server was 0 milliseconds ago. The driver has not received any packets from the server.
2026-06-14T02:50:40.629683257Z [inf]  	at java.base/jdk.internal.reflect.DirectConstructorHandleAccessor.newInstance(DirectConstructorHandleAccessor.java:62) ~[na:na]
2026-06-14T02:50:40.629686292Z [inf]  	at java.base/java.lang.reflect.Constructor.newInstanceWithCaller(Constructor.java:502) ~[na:na]
2026-06-14T02:50:40.629689277Z [inf]  	at java.base/java.lang.reflect.Constructor.newInstance(Constructor.java:486) ~[na:na]
2026-06-14T02:50:40.629692619Z [inf]  	at com.mysql.cj.exceptions.ExceptionFactory.createException(ExceptionFactory.java:52) ~[mysql-connector-j-9.6.0.jar!/:9.6.0]
2026-06-14T02:50:40.629695777Z [inf]  	at com.mysql.cj.exceptions.ExceptionFactory.createException(ExceptionFactory.java:95) ~[mysql-connector-j-9.6.0.jar!/:9.6.0]
2026-06-14T02:50:40.631387039Z [inf]  	at com.mysql.cj.jdbc.ConnectionImpl.connectOneTryOnly(ConnectionImpl.java:964) ~[mysql-connector-j-9.6.0.jar!/:9.6.0]
2026-06-14T02:50:40.631392789Z [inf]  	at com.mysql.cj.jdbc.ConnectionImpl.createNewIO(ConnectionImpl.java:828) ~[mysql-connector-j-9.6.0.jar!/:9.6.0]
2026-06-14T02:50:40.631396349Z [inf]  	... 131 common frames omitted
2026-06-14T02:50:40.631399685Z [inf]  Caused by: java.net.UnknownHostException: mysql.railway.internal
2026-06-14T02:50:40.631404185Z [inf]  	at java.base/java.net.InetAddress$CachedLookup.get(InetAddress.java:988) ~[na:na]
2026-06-14T02:50:40.631606552Z [inf]  	at java.base/java.net.InetAddress.getAllByName0(InetAddress.java:1818) ~[na:na]
2026-06-14T02:50:40.631610640Z [inf]  	at java.base/java.net.InetAddress.getAllByName(InetAddress.java:1688) ~[na:na]
2026-06-14T02:50:40.631614421Z [inf]  	at com.mysql.cj.protocol.StandardSocketFactory.connect(StandardSocketFactory.java:121) ~[mysql-connector-j-9.6.0.jar!/:9.6.0]
2026-06-14T02:50:40.631618393Z [inf]  	at com.mysql.cj.protocol.a.NativeSocketConnection.connect(NativeSocketConnection.java:53) ~[mysql-connector-j-9.6.0.jar!/:9.6.0]
2026-06-14T02:50:40.631623245Z [inf]  	... 134 common frames omitted
2026-06-14T02:50:40.631627827Z [inf]  